date,tavg,heat,precip_total,result_dir,avg_speed,daytime_min,temp_diff
2007-05-01,67.5,0.0,0.0,26.0,9.399999999999999,841.0,32.5
2007-05-02,51.5,13.5,0.0,3.0,13.4,843.0,17.0
2007-05-03,57.0,8.0,0.0,6.5,12.55,845.0,19.5
2007-05-04,58.0,7.0,0.0,7.5,10.600000000000001,848.0,22.0
2007-05-05,60.0,5.0,0.0,7.0,11.75,850.0,12.5
2007-05-06,59.5,5.5,0.0,10.5,14.75,853.0,17.5
2007-05-07,66.0,0.0,0.0,17.5,10.2,855.0,35.0
2007-05-08,69.0,0.0,0.0,9.5,5.6,858.0,24.0
2007-05-09,69.5,0.0,0.075,8.0,6.050000000000001,860.0,14.5
2007-05-10,70.5,0.0,0.0,13.0,4.0,862.0,26.0
2007-05-11,61.0,4.0,0.0,19.5,12.850000000000001,864.0,21.5
2007-05-12,55.5,9.5,0.0,2.0,12.95,866.0,18.0
2007-05-13,56.5,8.5,0.0,12.5,7.85,868.0,25.5
2007-05-14,72.5,0.0,0.0,21.0,15.95,870.0,35.0
2007-05-15,69.0,0.0,0.49,26.0,11.55,872.0,24.5
2007-05-16,55.0,10.0,0.10500000000000001,36.0,12.0,874.0,20.5
2007-05-17,53.0,12.0,0.0,2.0,11.75,876.0,18.0
2007-05-18,57.0,8.0,0.0,23.5,6.5,878.0,28.0
2007-05-19,68.0,0.0,0.0,23.5,11.4,880.0,24.0
2007-05-20,56.5,8.5,0.09,3.5,10.2,882.0,25.5
2007-05-21,62.5,2.5,0.0,10.5,8.0,884.0,34.5
2007-05-22,72.5,0.0,0.0,17.0,10.399999999999999,886.0,29.5
2007-05-23,76.5,0.0,0.0,18.5,11.5,887.0,26.0
2007-05-24,76.5,0.0,0.01,20.5,16.25,889.0,23.5
2007-05-25,62.5,2.5,0.045,5.0,8.5,891.0,11.5
2007-05-26,58.5,6.5,0.645,16.0,7.5,893.0,18.0
2007-05-27,66.5,0.0,0.06,25.0,9.35,894.0,17.0
2007-05-28,65.0,0.0,0.0,9.0,5.25,895.0,25.5
2007-05-29,75.5,0.0,0.0,17.0,6.95,896.0,25.5
2007-05-30,78.5,0.0,0.0,18.0,10.35,898.0,20.0
2007-05-31,73.0,0.0,0.27,18.5,9.55,899.0,12.5
2007-06-01,75.5,0.0,0.2,16.5,6.1,901.0,21.0
2007-06-02,74.0,0.0,0.02,21.5,7.8,901.0,14.5
2007-06-03,70.5,0.0,0.165,24.5,6.95,903.0,14.5
2007-06-04,64.5,0.5,0.35,30.5,9.899999999999999,904.0,14.5
2007-06-05,56.5,8.5,0.345,4.0,7.85,906.0,14.5
2007-06-06,59.5,5.5,0.005,16.0,11.0,906.0,26.0
2007-06-07,81.5,0.0,0.0,19.5,21.9,907.0,20.5
2007-06-08,70.5,0.0,0.0,27.0,13.100000000000001,908.0,21.0
2007-06-09,67.0,0.0,0.0,26.0,4.85,909.0,24.5
2007-06-10,69.5,0.0,0.0,16.5,5.699999999999999,910.0,23.0
2007-06-11,73.5,0.0,0.0,10.0,7.65,910.0,24.0
2007-06-12,73.5,0.0,0.0,5.0,9.4,911.0,18.5
2007-06-13,75.5,0.0,0.0,5.0,8.6,911.0,22.5
2007-06-14,78.0,0.0,0.0,6.0,6.6,912.0,23.0
2007-06-15,77.5,0.0,0.0,7.5,4.5,912.0,25.0
2007-06-16,80.0,0.0,0.0,25.0,5.949999999999999,913.0,25.5
2007-06-17,81.0,0.0,0.08,11.0,6.199999999999999,913.0,20.5
2007-06-18,80.0,0.0,0.15000000000000002,20.0,13.85,913.0,18.0
2007-06-19,73.0,0.0,0.755,28.5,11.350000000000001,914.0,15.5
2007-06-20,73.5,0.0,0.0,27.5,8.25,914.0,23.0
2007-06-21,71.0,0.0,0.005,2.5,10.149999999999999,914.0,15.0
2007-06-22,69.0,0.0,0.0,6.5,8.399999999999999,914.0,14.0
2007-06-23,65.0,0.0,0.195,11.5,8.55,914.0,6.0
2007-06-24,70.0,0.0,0.0,9.5,7.0,914.0,12.0
2007-06-25,77.0,0.0,0.0,13.0,6.35,914.0,21.5
2007-06-26,81.5,0.0,0.08,21.5,7.6,913.0,20.0
2007-06-27,80.5,0.0,0.25,24.0,8.65,913.0,19.0
2007-06-28,66.5,0.0,0.0,2.5,12.9,912.0,14.0
2007-06-29,63.5,1.5,0.0,2.0,8.25,912.0,14.5
2007-06-30,67.5,0.0,0.0,3.5,6.0,912.0,22.0
2007-07-01,67.0,0.0,0.0,4.0,9.149999999999999,911.0,18.0
2007-07-02,67.0,0.0,0.0,13.0,8.3,911.0,22.5
2007-07-03,72.5,0.0,0.245,21.0,7.35,910.0,21.5
2007-07-04,76.5,0.0,0.41000000000000003,26.0,8.5,908.0,18.0
2007-07-05,79.5,0.0,0.0,32.0,7.5,908.0,18.0
2007-07-06,76.0,0.0,0.0,6.0,5.5,907.0,18.0
2007-07-07,77.5,0.0,0.0,22.5,8.35,907.0,23.0
2007-07-08,84.5,0.0,0.0,23.5,12.899999999999999,905.0,18.5
2007-07-09,82.5,0.0,0.27,23.5,8.8,904.0,22.5
2007-07-10,79.5,0.0,0.255,23.0,10.35,904.0,19.5
2007-07-11,70.0,0.0,0.0,30.0,11.05,902.0,14.5
2007-07-12,70.5,0.0,0.0,28.5,11.25,901.0,19.5
2007-07-13,67.5,0.0,0.0,4.0,5.55,899.0,17.5
2007-07-14,73.5,0.0,0.0,25.5,13.55,899.0,23.0
2007-07-15,71.5,0.0,0.0,19.0,5.7,897.0,19.0
2007-07-16,74.0,0.0,0.23,23.5,5.9,895.0,16.5
2007-07-17,76.0,0.0,0.11,23.0,6.95,894.0,14.5
2007-07-18,77.0,0.0,1.235,24.0,10.35,892.0,16.0
2007-07-19,73.0,0.0,0.085,18.5,13.15,890.0,19.5
2007-07-20,67.5,0.0,0.0,3.5,10.3,890.0,14.5
2007-07-21,66.5,0.0,0.0,3.5,7.4,888.0,16.5
2007-07-22,70.5,0.0,0.0,17.0,3.4,886.0,21.5
2007-07-23,72.5,0.0,0.0,10.5,3.95,884.0,21.0
2007-07-24,74.0,0.0,0.0,20.5,5.050000000000001,882.0,17.0
2007-07-25,77.5,0.0,0.0,24.0,6.8,880.0,13.5
2007-07-26,74.5,0.0,0.54,22.0,9.65,879.0,18.5
2007-07-27,77.0,0.0,0.10500000000000001,19.5,8.0,877.0,13.0
2007-07-28,74.0,0.0,0.0,3.0,10.45,875.0,12.0
2007-07-29,75.0,0.0,0.0,5.0,6.300000000000001,873.0,20.0
2007-07-30,76.0,0.0,0.0,6.0,4.449999999999999,871.0,24.0
2007-07-31,79.5,0.0,0.0,5.5,4.95,869.0,21.5
2007-08-01,80.5,0.0,0.0,11.0,3.9,866.0,22.5
2007-08-02,81.5,0.0,0.0,24.5,6.550000000000001,864.0,19.5
2007-08-03,80.5,0.0,0.0,4.5,5.75,862.0,18.0
2007-08-04,74.0,0.0,0.025,8.5,6.35,860.0,15.0
2007-08-05,78.0,0.0,1.2,21.5,9.899999999999999,858.0,20.5
2007-08-06,80.5,0.0,0.155,10.0,4.75,856.0,12.0
2007-08-07,82.5,0.0,0.685,24.5,8.9,853.0,19.0
2007-08-08,80.5,0.0,0.075,3.5,6.65,851.0,13.5
2007-08-09,78.5,0.0,0.255,28.0,6.15,849.0,12.0
2007-08-10,79.0,0.0,0.0,4.0,5.65,846.0,14.5
2007-08-11,78.0,0.0,0.0,19.5,3.9,844.0,21.0
2007-08-12,78.0,0.0,0.26,6.0,6.0,842.0,20.0
2007-08-13,74.0,0.0,0.0,7.0,7.300000000000001,839.0,13.5
2007-08-14,75.0,0.0,0.43,24.0,8.5,837.0,19.0
2007-08-15,76.5,0.0,0.53,6.5,6.449999999999999,835.0,9.0
2007-08-16,71.5,0.0,0.0,1.0,5.7,832.0,11.0
2007-08-17,71.5,0.0,0.0,31.5,7.1,830.0,17.0
2007-08-18,64.5,0.5,0.255,12.5,7.55,827.0,9.0
2007-08-19,65.5,0.0,1.33,10.0,7.45,825.0,6.5
2007-08-20,72.5,0.0,0.6950000000000001,16.0,5.800000000000001,822.0,9.0
2007-08-21,77.5,0.0,0.005,17.5,6.0,820.0,17.0
2007-08-22,80.0,0.0,0.625,21.0,8.95,817.0,20.5
2007-08-23,79.0,0.0,2.1550000000000002,21.0,10.399999999999999,814.0,18.5
2007-08-24,75.0,0.0,0.22,25.0,7.199999999999999,811.0,11.5
2007-08-25,71.5,0.0,0.29500000000000004,19.5,6.0,809.0,13.0
2007-08-26,70.0,0.0,0.0,11.0,5.0,806.0,18.0
2007-08-27,70.5,0.0,0.0,16.5,7.35,803.0,17.5
2007-08-28,79.5,0.0,0.0,20.5,8.9,801.0,22.5
2007-08-29,77.5,0.0,0.0,3.0,8.5,798.0,17.0
2007-08-30,67.0,0.0,0.0,2.5,10.4,796.0,16.5
2007-08-31,67.0,0.0,0.0,5.0,4.9,793.0,19.5
2007-09-01,69.5,0.0,0.0,11.0,4.7,790.0,21.5
2007-09-02,73.0,0.0,0.0,21.0,5.5,788.0,23.0
2007-09-03,76.5,0.0,0.0,26.0,6.0,785.0,23.0
2007-09-04,77.5,0.0,0.0,23.0,4.65,782.0,24.5
2007-09-05,80.0,0.0,0.0,19.0,6.6,780.0,21.5
2007-09-06,78.5,0.0,0.13,20.0,12.55,777.0,9.5
2007-09-07,77.5,0.0,0.43000000000000005,23.0,13.45,774.0,13.5
2007-09-08,72.0,0.0,0.0,5.0,8.3,771.0,12.0
2007-09-09,71.5,0.0,0.0,3.0,10.4,769.0,16.5
2007-09-10,64.0,1.0,0.305,2.5,9.35,766.0,19.0
2007-09-11,61.0,4.0,0.0,29.0,13.6,763.0,20.5
2007-09-12,56.5,8.5,0.0,4.0,5.8,761.0,20.5
2007-09-13,65.0,0.5,0.0,19.5,8.1,758.0,27.0
2007-09-14,56.5,8.5,0.0,32.0,13.2,755.0,20.5
2007-09-15,51.0,14.0,0.0,34.0,6.25,752.0,21.0
2007-09-16,59.5,5.5,0.0,18.0,7.8,748.0,25.0
2007-09-17,67.0,0.0,0.0,17.0,11.55,745.0,26.5
2007-09-18,77.0,0.0,0.0,19.0,12.95,741.0,24.0
2007-09-19,75.5,0.0,0.0,25.5,9.35,739.0,17.5
2007-09-20,69.5,0.0,0.0,7.5,6.35,736.0,15.5
2007-09-21,77.5,0.0,0.0,21.5,11.95,733.0,23.0
2007-09-22,64.0,1.0,0.0,2.0,7.25,730.0,18.5
2007-09-23,68.0,0.0,0.0,12.5,5.85,728.0,31.0
2007-09-24,80.0,0.0,0.0,19.0,11.2,725.0,21.0
2007-09-25,74.5,0.0,0.14,23.0,9.95,722.0,19.0
2007-09-26,61.5,3.5,0.115,1.5,6.949999999999999,719.0,14.5
2007-09-27,62.5,2.5,0.0,24.5,6.15,717.0,24.0
2007-09-28,63.0,2.0,0.0,5.5,6.85,714.0,20.0
2007-09-29,66.0,0.0,0.0,17.0,9.3,711.0,30.0
2007-09-30,72.0,0.0,0.14,19.0,13.899999999999999,708.0,23.5
2007-10-01,64.0,1.0,0.22999999999999998,21.5,8.5,706.0,9.5
2007-10-02,69.0,0.0,0.1,19.0,10.7,703.0,21.0
2007-10-03,65.0,0.0,0.0,25.5,7.1,700.0,18.5
2007-10-04,68.5,0.0,0.0,17.0,5.25,697.0,29.0
2007-10-05,75.0,0.0,0.03,17.5,7.0,694.0,19.5
2007-10-06,79.0,0.0,0.0,20.5,7.050000000000001,691.0,17.5
2007-10-07,78.0,0.0,0.0,19.0,5.9,689.0,19.0
2007-10-08,74.5,0.0,0.0,24.0,10.0,686.0,26.5
2007-10-09,63.5,1.5,0.0,28.0,13.05,683.0,27.0
2007-10-10,50.5,14.5,0.0,31.0,15.05,681.0,6.5
2007-10-11,51.0,14.0,0.0,36.0,14.2,678.0,8.0
2007-10-12,50.0,15.0,0.0,35.5,5.0,675.0,13.5
2007-10-13,51.0,14.0,0.0,20.5,4.1,672.0,17.0
2007-10-14,58.0,7.0,0.08,11.5,6.3,669.0,8.0
2007-10-15,64.5,1.0,0.05500000000000001,15.0,6.25,667.0,22.5
2007-10-16,61.0,4.0,0.215,21.0,7.4,664.0,13.5
2007-10-17,61.0,4.0,0.075,14.0,9.45,661.0,24.5
2007-10-18,69.5,0.0,0.32,19.0,18.049999999999997,659.0,19.0
2007-10-19,56.5,8.5,0.005,24.0,17.35,656.0,8.0
2007-10-20,60.5,4.5,0.0,21.0,11.85,653.0,26.5
2007-10-21,70.0,0.0,0.0,20.0,17.5,650.0,19.0
2007-10-22,57.0,8.0,0.155,18.5,9.75,648.0,20.0
2007-10-23,50.5,14.5,0.015,31.0,8.05,645.0,11.0
2007-10-24,49.0,16.0,0.0,2.0,15.9,643.0,10.0
2007-10-25,50.5,14.5,0.0,6.0,14.399999999999999,640.0,11.0
2007-10-26,59.5,5.5,0.37,5.5,7.050000000000001,637.0,12.5
2007-10-27,47.0,18.0,0.045,31.5,9.5,635.0,18.0
2007-10-28,45.0,20.0,0.0,23.0,4.15,632.0,22.0
2007-10-29,50.0,15.0,0.0,22.0,9.850000000000001,630.0,21.5
2007-10-30,54.0,11.0,0.0,20.0,11.7,627.0,24.5
2007-10-31,52.5,12.5,0.0,25.0,14.65,624.0,20.5
2008-05-01,61.0,4.0,0.0,16.5,10.95,841.0,25.5
2008-05-02,64.0,1.0,1.01,19.5,14.05,843.0,21.0
2008-05-03,50.0,15.0,0.005,25.0,12.7,845.0,12.5
2008-05-04,52.5,12.5,0.0,23.5,5.949999999999999,848.0,27.0
2008-05-05,62.5,2.5,0.0,24.5,6.6,850.0,24.5
2008-05-06,65.5,0.5,0.0,22.0,7.95,853.0,32.5
2008-05-07,60.5,4.5,0.735,22.5,11.7,855.0,21.0
2008-05-08,52.5,12.5,0.0,5.0,13.8,858.0,13.0
2008-05-09,50.0,15.0,0.0,3.0,6.95,860.0,16.5
2008-05-10,50.5,14.5,0.0,7.5,6.449999999999999,862.0,21.5
2008-05-11,53.0,12.0,1.205,2.0,17.75,864.0,12.5
2008-05-12,47.5,17.5,0.0,6.5,7.699999999999999,866.0,14.0
2008-05-13,58.0,7.0,0.2,18.0,15.15,868.0,30.5
2008-05-14,54.5,10.5,0.02,23.0,9.25,870.0,17.0
2008-05-15,50.0,15.0,0.0,5.0,8.0,872.0,14.0
2008-05-16,57.0,8.0,0.0,25.0,9.100000000000001,874.0,32.0
2008-05-17,62.5,2.5,0.19,29.5,14.399999999999999,876.0,22.0
2008-05-18,50.0,15.0,0.0,34.5,8.05,878.0,10.5
2008-05-19,50.5,14.5,0.0,7.0,5.95,880.0,18.5
2008-05-20,57.0,8.0,0.0,30.5,8.45,882.0,17.0
2008-05-21,54.5,10.5,0.0,32.5,9.0,884.0,22.5
2008-05-22,52.0,13.0,0.0,5.0,10.5,886.0,11.5
2008-05-23,53.0,12.0,0.0,3.0,10.8,887.0,11.0
2008-05-24,55.0,10.0,0.0,7.0,7.9,889.0,25.5
2008-05-25,63.0,2.0,0.0,17.5,12.15,891.0,30.5
2008-05-26,66.5,0.5,0.24,24.5,11.9,893.0,32.5
2008-05-27,47.5,17.5,0.0,2.5,18.35,894.0,8.0
2008-05-28,53.0,12.0,0.0,6.5,8.6,895.0,17.5
2008-05-29,56.0,9.0,0.045,10.5,4.0,896.0,24.0
2008-05-30,67.0,0.0,0.35,20.5,10.55,898.0,20.5
2008-05-31,69.5,0.0,0.0,28.0,12.100000000000001,899.0,19.5
2008-06-01,64.0,1.0,0.0,9.0,5.65,901.0,18.0
2008-06-02,72.0,0.0,0.0,10.5,5.25,901.0,27.0
2008-06-03,64.0,1.5,0.72,3.5,7.949999999999999,903.0,15.5
2008-06-04,67.5,0.0,0.01,4.5,4.75,904.0,21.5
2008-06-05,76.0,0.0,0.43,20.0,13.9,906.0,23.5
2008-06-06,80.0,0.0,0.015,20.0,20.5,906.0,13.5
2008-06-07,77.5,0.0,0.09,19.0,12.8,907.0,14.0
2008-06-08,75.5,0.0,1.275,18.5,11.85,908.0,21.5
2008-06-09,70.0,0.0,0.175,22.5,8.25,909.0,9.0
2008-06-10,69.5,0.0,0.005,25.0,10.0,910.0,20.0
2008-06-11,75.0,0.0,0.0,18.0,10.2,910.0,22.5
2008-06-12,82.0,0.0,0.0,18.0,15.7,911.0,18.0
2008-06-13,74.0,0.0,0.29000000000000004,22.5,10.350000000000001,911.0,16.5
2008-06-14,72.5,0.0,0.0,24.0,9.05,912.0,24.0
2008-06-15,71.0,0.0,0.235,24.0,9.75,912.0,21.0
2008-06-16,66.5,0.0,0.0,31.0,11.35,913.0,13.5
2008-06-17,66.0,0.0,0.0,30.0,11.0,913.0,20.5
2008-06-18,67.0,0.0,0.0,4.0,7.4,913.0,19.0
2008-06-19,67.5,0.0,0.0,19.5,5.25,914.0,27.0
2008-06-20,71.0,0.0,0.065,22.5,7.550000000000001,914.0,23.5
2008-06-21,72.5,0.0,0.01,29.0,7.35,914.0,21.0
2008-06-22,70.5,0.0,0.09,32.5,4.75,914.0,22.5
2008-06-23,67.0,0.0,0.0,3.5,6.4,914.0,20.0
2008-06-24,69.5,0.0,0.0,18.0,5.6,914.0,26.0
2008-06-25,73.0,0.0,0.095,21.5,8.9,914.0,12.5
2008-06-26,78.5,0.0,0.0,25.5,7.55,913.0,16.0
2008-06-27,76.0,0.0,0.0,21.5,8.25,913.0,17.0
2008-06-28,74.5,0.0,0.02,25.5,13.85,912.0,18.5
2008-06-29,68.5,0.0,0.39999999999999997,30.5,9.899999999999999,912.0,15.5
2008-06-30,70.0,0.0,0.0,34.5,9.35,912.0,21.5
2008-07-01,71.0,0.0,0.0,23.5,8.15,911.0,26.0
2008-07-02,75.5,0.0,0.16,23.5,12.45,911.0,25.0
2008-07-03,64.0,1.0,0.0,3.0,12.75,910.0,14.0
2008-07-04,65.5,0.5,0.0,5.5,7.05,908.0,20.5
2008-07-05,67.5,0.0,0.0,8.5,6.35,908.0,24.0
2008-07-06,74.5,0.0,0.0,19.0,9.15,907.0,26.5
2008-07-07,80.0,0.0,0.07,21.5,11.65,907.0,14.5
2008-07-08,78.0,0.0,0.15500000000000003,25.0,8.7,905.0,27.5
2008-07-09,76.0,0.0,0.0,31.5,9.7,904.0,18.0
2008-07-10,73.5,0.0,0.575,23.0,8.899999999999999,904.0,19.0
2008-07-11,76.5,0.0,0.185,19.5,7.95,902.0,24.5
2008-07-12,74.0,0.0,0.69,26.0,10.65,901.0,16.5
2008-07-13,70.5,0.0,0.0,27.0,13.100000000000001,899.0,17.5
2008-07-14,73.0,0.0,0.0,29.0,7.449999999999999,899.0,22.0
2008-07-15,77.5,0.0,0.0,22.5,7.8500000000000005,897.0,26.5
2008-07-16,81.5,0.0,0.0,22.0,7.300000000000001,895.0,18.5
2008-07-17,81.0,0.0,0.0,22.0,9.15,894.0,17.0
2008-07-18,81.0,0.0,0.02,22.5,6.8,892.0,15.0
2008-07-19,74.0,0.0,1.415,28.0,5.85,890.0,10.5
2008-07-20,77.0,0.0,0.585,26.0,6.35,890.0,18.0
2008-07-21,76.5,0.0,0.13,2.5,7.7,888.0,14.5
2008-07-22,70.5,0.0,0.03,3.0,9.0,886.0,11.5
2008-07-23,71.0,0.0,0.0,19.0,8.9,884.0,21.0
2008-07-24,71.0,0.0,0.0,24.0,4.550000000000001,882.0,22.5
2008-07-25,73.5,0.0,0.0,22.5,7.25,880.0,20.0
2008-07-26,75.5,0.0,0.0,30.5,8.4,879.0,18.5
2008-07-27,73.0,0.0,0.0,24.0,6.75,877.0,20.5
2008-07-28,76.5,0.0,0.0,8.5,6.25,875.0,16.5
2008-07-29,78.5,0.0,0.14,20.0,7.9,873.0,21.0
2008-07-30,81.0,0.0,0.0,27.0,9.149999999999999,871.0,17.5
2008-07-31,80.5,0.0,0.32,27.0,6.35,869.0,17.5
2008-08-01,80.0,0.0,0.525,18.5,4.65,866.0,19.0
2008-08-02,73.5,0.0,0.0,3.0,9.2,864.0,14.0
2008-08-03,73.5,0.0,0.0,18.5,6.25,862.0,22.5
2008-08-04,79.0,0.0,1.51,18.5,9.05,860.0,18.0
2008-08-05,79.0,0.0,0.04,31.0,6.85,858.0,17.5
2008-08-06,76.0,0.0,0.005,29.5,7.5,856.0,17.0
2008-08-07,72.5,0.0,0.005,34.5,9.25,853.0,18.0
2008-08-08,71.0,0.0,0.0,1.5,7.050000000000001,851.0,15.0
2008-08-09,70.5,0.0,0.0,29.5,9.3,849.0,17.5
2008-08-10,67.0,0.0,0.0,2.0,9.45,846.0,14.5
2008-08-11,68.0,0.0,0.0,5.0,6.199999999999999,844.0,17.0
2008-08-12,69.5,0.0,0.0,10.0,3.9,842.0,15.5
2008-08-13,72.5,0.0,0.03,7.5,4.9,839.0,12.0
2008-08-14,71.5,0.0,0.0,3.0,8.15,837.0,14.5
2008-08-15,70.0,0.0,0.0,3.5,8.5,835.0,17.0
2008-08-16,71.0,0.0,0.0,29.0,6.45,832.0,24.0
2008-08-17,74.0,0.0,0.0,25.5,8.4,830.0,21.5
2008-08-18,75.0,0.0,0.0,26.5,7.2,827.0,20.0
2008-08-19,74.0,0.0,0.0,4.5,6.35,825.0,19.0
2008-08-20,73.5,0.0,0.0,9.5,7.550000000000001,822.0,15.0
2008-08-21,75.5,0.0,0.0,14.5,8.05,820.0,13.5
2008-08-22,79.0,0.0,0.045,19.0,12.15,817.0,10.0
2008-08-23,79.0,0.0,0.0,24.5,9.5,814.0,20.0
2008-08-24,71.0,0.0,0.0,3.0,9.85,811.0,13.5
2008-08-25,69.5,0.0,0.0,5.0,12.25,809.0,9.0
2008-08-26,68.5,0.0,0.0,7.0,8.95,806.0,14.5
2008-08-27,71.5,0.0,0.0,8.0,5.300000000000001,803.0,22.0
2008-08-28,73.0,0.0,0.04,19.0,6.6,801.0,15.5
2008-08-29,75.5,0.0,0.02,18.5,6.3,798.0,19.0
2008-08-30,73.0,0.0,0.0,23.5,3.5,796.0,28.5
2008-08-31,76.0,0.0,0.0,12.5,5.300000000000001,793.0,27.0
2008-09-01,77.0,0.0,0.0,13.0,7.800000000000001,790.0,25.0
2008-09-02,81.0,0.0,0.0,19.0,4.45,788.0,28.0
2008-09-03,72.5,0.0,0.01,1.0,11.25,785.0,10.0
2008-09-04,65.0,0.5,2.79,3.0,12.3,782.0,5.5
2008-09-05,63.5,1.5,0.005,33.0,5.800000000000001,780.0,11.5
2008-09-06,64.5,0.5,0.005,27.5,5.4,777.0,19.5
2008-09-07,65.5,0.0,0.005,26.0,7.0,774.0,17.5
2008-09-08,61.0,4.0,1.12,33.5,6.550000000000001,771.0,16.0
2008-09-09,59.0,6.0,0.005,36.0,6.15,769.0,19.5
2008-09-10,60.5,4.5,0.0,14.0,5.0,766.0,23.0
2008-09-11,67.5,0.0,0.0,18.0,9.600000000000001,763.0,23.0
2008-09-12,71.0,0.0,0.495,22.5,6.949999999999999,761.0,4.0
2008-09-13,72.5,0.0,4.8549999999999995,21.5,9.399999999999999,758.0,7.5
2008-09-14,65.0,0.0,1.595,31.5,10.0,755.0,14.0
2008-09-15,59.0,6.0,0.005,33.5,6.199999999999999,752.0,10.0
2008-09-16,60.5,4.5,0.0,23.5,6.0,748.0,21.5
2008-09-17,70.5,0.0,0.0,28.5,7.55,745.0,25.0
2008-09-18,66.5,0.0,0.0,9.0,7.550000000000001,741.0,15.0
2008-09-19,67.5,0.0,0.0,18.5,6.4,739.0,22.0
2008-09-20,70.0,0.0,0.0,14.0,3.0,736.0,24.5
2008-09-21,69.5,0.0,0.0,7.0,3.9000000000000004,733.0,21.0
2008-09-22,72.0,0.0,0.0,11.5,7.65,730.0,19.5
2008-09-23,72.0,0.0,0.0,15.0,7.65,728.0,21.5
2008-09-24,71.0,0.0,0.1,22.0,4.75,725.0,22.5
2008-09-25,71.0,0.0,0.0,4.0,6.75,722.0,13.0
2008-09-26,69.0,0.0,0.0,6.0,4.449999999999999,719.0,19.0
2008-09-27,67.5,0.0,0.0,5.0,2.9000000000000004,717.0,26.5
2008-09-28,64.0,1.0,0.0,4.0,7.6,714.0,10.0
2008-09-29,60.0,5.0,0.46499999999999997,33.0,4.6,711.0,9.5
2008-09-30,54.5,10.5,0.005,31.0,10.5,708.0,12.0
2008-10-01,54.0,11.0,0.0,33.0,11.05,706.0,15.5
2008-10-02,52.5,12.5,0.0,28.0,9.649999999999999,703.0,19.0
2008-10-03,53.0,12.0,0.01,4.5,8.0,700.0,13.0
2008-10-04,50.5,14.5,0.0,11.0,4.35,697.0,20.5
2008-10-05,52.5,12.5,0.045,11.0,6.9,694.0,17.5
2008-10-06,62.5,2.5,0.0,11.5,9.899999999999999,691.0,14.5
2008-10-07,60.5,4.5,0.8300000000000001,13.5,11.100000000000001,689.0,8.0
2008-10-08,57.5,7.5,0.24,26.0,8.2,686.0,12.5
2008-10-09,58.5,6.5,0.0,29.0,5.3,683.0,21.5
2008-10-10,58.5,6.5,0.0,11.0,6.4,681.0,28.5
2008-10-11,66.5,0.0,0.0,14.0,5.0,678.0,26.5
2008-10-12,72.5,0.0,0.0,15.5,5.699999999999999,675.0,25.5
2008-10-13,70.5,0.0,0.0,20.0,8.399999999999999,672.0,15.5
2008-10-14,62.0,3.0,0.0,32.0,7.0,669.0,15.5
2008-10-15,56.0,9.0,0.27,32.0,6.55,667.0,15.0
2008-10-16,51.5,13.5,0.0,35.0,7.75,664.0,15.5
2008-10-17,50.0,15.0,0.0,36.0,7.2,661.0,13.0
2008-10-18,52.5,12.5,0.095,7.0,5.699999999999999,659.0,15.5
2008-10-19,52.0,13.0,0.0,19.0,11.65,656.0,20.0
2008-10-20,49.5,15.5,0.245,31.0,7.5,653.0,12.0
2008-10-21,47.0,18.0,0.0,2.5,8.95,650.0,16.5
2008-10-22,45.5,19.5,0.0,12.0,12.85,648.0,15.5
2008-10-23,50.0,15.0,0.125,12.0,11.3,645.0,18.5
2008-10-24,50.0,15.0,0.475,19.5,6.5,643.0,10.5
2008-10-25,48.0,17.0,0.0,22.5,12.75,640.0,10.0
2008-10-26,46.5,18.5,0.005,27.0,18.1,637.0,19.5
2008-10-27,40.5,24.5,0.0,31.0,14.15,635.0,13.5
2008-10-28,38.5,26.5,0.0,30.0,10.600000000000001,632.0,13.5
2008-10-29,42.0,23.0,0.0,30.5,6.15,630.0,18.5
2008-10-30,48.0,17.0,0.0,19.0,9.9,627.0,30.0
2008-10-31,59.5,5.5,0.0,22.0,7.65,624.0,22.0
2009-05-01,54.0,11.0,0.03,29.0,8.55,841.0,14.0
2009-05-02,55.0,10.0,0.0,26.5,9.35,843.0,21.0
2009-05-03,57.5,7.5,0.0,26.0,4.85,845.0,26.0
2009-05-04,58.5,6.5,0.0,9.0,8.0,848.0,24.0
2009-05-05,61.0,4.0,0.0,12.5,5.95,850.0,19.0
2009-05-06,64.5,1.0,0.765,19.0,7.65,853.0,21.5
2009-05-07,67.0,0.0,0.11,24.5,9.75,855.0,21.0
2009-05-08,65.5,0.0,0.015,20.5,6.05,858.0,20.5
2009-05-09,55.0,10.0,0.0,28.5,11.55,860.0,18.0
2009-05-10,54.5,10.5,0.01,30.0,8.7,862.0,25.5
2009-05-11,50.5,14.5,0.0,7.5,4.55,864.0,21.5
2009-05-12,56.5,8.5,0.0,16.0,9.55,866.0,30.0
2009-05-13,62.5,2.5,0.79,18.5,15.6,868.0,17.0
2009-05-14,61.5,3.5,0.0,27.0,11.0,870.0,14.5
2009-05-15,58.0,7.0,0.5449999999999999,15.5,7.300000000000001,872.0,8.5
2009-05-16,54.5,10.5,0.02,29.5,12.45,874.0,16.0
2009-05-17,50.5,14.5,0.0,21.0,6.35,876.0,21.0
2009-05-18,54.5,10.5,0.0,19.0,9.7,878.0,24.0
2009-05-19,66.5,0.0,0.0,21.0,13.100000000000001,880.0,27.0
2009-05-20,73.0,0.0,0.0,20.0,13.35,882.0,23.5
2009-05-21,72.5,0.0,0.0,24.0,11.850000000000001,884.0,24.5
2009-05-22,62.0,3.0,0.0,3.5,10.649999999999999,886.0,15.0
2009-05-23,66.0,0.0,0.0,7.5,5.6,887.0,27.0
2009-05-24,63.0,2.0,0.0,3.5,10.9,889.0,15.0
2009-05-25,60.5,4.5,0.06,6.0,10.15,891.0,10.5
2009-05-26,65.0,0.5,1.555,5.5,7.3,893.0,20.5
2009-05-27,65.5,0.5,0.01,24.0,7.75,894.0,17.5
2009-05-28,59.0,6.0,0.0,29.5,8.2,895.0,8.5
2009-05-29,64.0,1.5,0.0,31.5,6.85,896.0,23.0
2009-05-30,65.5,0.0,0.0,28.0,6.699999999999999,898.0,27.5
2009-05-31,60.0,5.0,0.0,9.5,5.449999999999999,899.0,25.5
2009-06-01,65.5,0.0,0.635,34.0,10.55,901.0,27.5
2009-06-02,55.0,10.0,0.09,3.0,8.6,901.0,11.5
2009-06-03,53.0,12.0,0.0,3.0,11.05,903.0,16.0
2009-06-04,56.5,8.5,0.0,4.5,6.15,904.0,23.5
2009-06-05,63.0,2.0,0.0,25.5,6.95,906.0,34.0
2009-06-06,59.0,6.0,0.01,4.0,7.45,906.0,11.5
2009-06-07,64.0,1.0,0.02,9.5,7.300000000000001,907.0,19.5
2009-06-08,67.5,0.0,0.375,24.5,9.6,908.0,27.5
2009-06-09,61.5,3.5,0.0,7.0,7.1,909.0,11.5
2009-06-10,61.0,4.0,0.025,4.5,8.95,910.0,12.5
2009-06-11,58.0,7.0,0.575,2.0,9.65,910.0,9.0
2009-06-12,61.5,3.5,0.0,6.5,6.25,911.0,23.5
2009-06-13,61.0,4.0,0.32,4.5,7.15,911.0,12.0
2009-06-14,64.5,0.5,0.0,4.5,5.25,912.0,24.0
2009-06-15,68.0,0.0,0.0,9.0,7.050000000000001,912.0,26.0
2009-06-16,66.5,0.0,1.15,10.5,11.25,913.0,9.5
2009-06-17,67.0,0.0,0.0,35.0,6.45,913.0,10.0
2009-06-18,71.5,0.0,0.11499999999999999,16.5,6.85,913.0,18.5
2009-06-19,76.5,0.0,2.42,18.0,11.05,914.0,21.5
2009-06-20,78.5,0.0,0.0,28.5,8.6,914.0,19.0
2009-06-21,78.0,0.0,0.005,8.0,3.7,914.0,14.5
2009-06-22,79.5,0.0,0.075,11.5,6.4,914.0,20.0
2009-06-23,83.5,0.0,0.0,13.5,4.0,914.0,20.0
2009-06-24,84.0,0.0,0.41000000000000003,22.5,5.05,914.0,19.5
2009-06-25,85.0,0.0,0.0,29.0,4.75,914.0,18.0
2009-06-26,78.5,0.0,0.0,4.0,8.1,913.0,15.5
2009-06-27,77.5,0.0,0.175,21.5,6.9,913.0,25.0
2009-06-28,75.5,0.0,0.0,29.0,14.1,912.0,16.0
2009-06-29,71.0,0.0,0.0,30.0,13.399999999999999,912.0,13.5
2009-06-30,64.0,1.0,0.0,30.0,8.7,912.0,7.0
2009-07-01,61.0,4.0,0.01,31.5,8.05,911.0,8.0
2009-07-02,66.5,0.0,0.0,31.0,8.2,911.0,13.5
2009-07-03,71.0,0.0,0.0,18.0,6.15,910.0,16.5
2009-07-04,65.0,0.5,0.16,13.5,4.25,908.0,8.0
2009-07-05,70.5,0.0,0.04,35.0,2.5,908.0,22.5
2009-07-06,73.5,0.0,0.0,30.5,6.65,907.0,24.0
2009-07-07,69.5,0.0,0.0,7.0,7.25,907.0,14.5
2009-07-08,64.0,1.0,0.115,7.0,7.2,905.0,5.0
2009-07-09,70.5,0.0,0.0,10.5,7.1,904.0,18.5
2009-07-10,74.5,0.0,0.1,21.0,4.75,904.0,18.0
2009-07-11,75.5,0.0,0.685,30.0,7.3,902.0,19.5
2009-07-12,70.5,0.0,0.0,31.0,5.45,901.0,23.0
2009-07-13,71.0,0.0,0.0,7.0,6.6,899.0,15.0
2009-07-14,69.5,0.0,0.0,16.0,7.6,899.0,23.0
2009-07-15,76.0,0.0,0.5,24.5,13.100000000000001,897.0,19.5
2009-07-16,73.0,0.0,0.085,28.0,10.55,895.0,16.5
2009-07-17,64.0,1.0,0.0,29.5,10.600000000000001,894.0,12.5
2009-07-18,65.5,0.0,0.0,31.5,7.6499999999999995,892.0,15.0
2009-07-19,65.5,0.5,0.0,20.0,4.3,890.0,13.5
2009-07-20,67.0,0.0,0.0,9.5,6.0,890.0,19.0
2009-07-21,71.0,0.0,0.02,13.5,6.05,888.0,20.0
2009-07-22,72.0,0.0,0.0,7.0,5.45,886.0,14.0
2009-07-23,71.5,0.0,0.05,16.5,5.5,884.0,18.0
2009-07-24,72.5,0.0,0.165,23.0,9.7,882.0,21.5
2009-07-25,74.0,0.0,0.0,27.5,11.3,880.0,15.0
2009-07-26,73.0,0.0,0.0,29.0,9.0,879.0,18.5
2009-07-27,74.5,0.0,0.025,23.0,9.85,877.0,19.0
2009-07-28,76.0,0.0,0.01,28.0,7.85,875.0,18.0
2009-07-29,72.5,0.0,0.0,19.0,7.1,873.0,16.0
2009-07-30,71.0,0.0,0.0,23.5,5.9,871.0,17.5
2009-07-31,71.0,0.0,0.0,26.5,7.0,869.0,21.5
2009-08-01,68.5,0.0,0.005,22.5,10.95,866.0,13.0
2009-08-02,68.5,0.0,0.0,25.5,9.0,864.0,21.0
2009-08-03,76.5,0.0,0.065,21.0,11.850000000000001,862.0,17.5
2009-08-04,77.0,0.0,0.0,3.5,6.0,860.0,17.5
2009-08-05,71.5,0.0,0.0,6.0,4.9,858.0,15.5
2009-08-06,71.5,0.0,0.0,7.5,5.45,856.0,20.5
2009-08-07,70.0,0.0,0.28,15.0,7.5,853.0,8.5
2009-08-08,79.0,0.0,0.05,21.0,13.2,851.0,20.5
2009-08-09,84.5,0.0,0.09999999999999999,23.0,12.600000000000001,849.0,14.5
2009-08-10,78.5,0.0,0.0,26.0,8.05,846.0,15.0
2009-08-11,72.5,0.0,0.0,2.0,8.35,844.0,18.0
2009-08-12,72.5,0.0,0.0,4.5,6.45,842.0,21.0
2009-08-13,74.0,0.0,0.0,15.0,3.9,839.0,24.5
2009-08-14,77.0,0.0,0.0,21.0,6.1,837.0,23.0
2009-08-15,79.0,0.0,0.0,19.0,8.8,835.0,20.5
2009-08-16,80.0,0.0,0.45,20.5,10.149999999999999,832.0,18.5
2009-08-17,77.0,0.0,0.45999999999999996,22.0,6.65,830.0,12.5
2009-08-18,74.5,0.0,0.0,27.0,8.2,827.0,18.0
2009-08-19,72.0,0.0,0.48,16.0,8.45,825.0,20.5
2009-08-20,71.5,0.0,0.095,23.0,12.6,822.0,14.5
2009-08-21,66.5,0.0,0.10500000000000001,27.0,11.95,820.0,14.5
2009-08-22,63.5,1.5,0.0,18.5,9.9,817.0,11.0
2009-08-23,65.5,0.0,0.0,3.5,7.0,814.0,16.5
2009-08-24,67.5,0.0,0.0,21.0,5.4,811.0,23.5
2009-08-25,71.5,0.0,0.0,21.0,8.899999999999999,809.0,22.5
2009-08-26,68.0,0.0,0.7350000000000001,2.0,7.55,806.0,9.5
2009-08-27,64.5,0.5,1.0699999999999998,7.5,10.35,803.0,5.5
2009-08-28,65.0,0.5,0.25,2.0,5.550000000000001,801.0,9.0
2009-08-29,63.0,2.0,0.015,31.0,11.45,798.0,13.0
2009-08-30,59.0,6.0,0.0,1.0,9.9,796.0,15.0
2009-08-31,58.5,6.5,0.0,3.5,6.4,793.0,18.5
2009-09-01,60.5,4.5,0.0,5.0,3.45,790.0,23.0
2009-09-02,62.5,2.5,0.0,7.0,4.5,788.0,21.0
2009-09-03,66.0,0.0,0.0,5.5,5.95,785.0,18.5
2009-09-04,66.0,0.0,0.0,4.0,4.25,782.0,19.0
2009-09-05,67.0,0.0,0.0,5.0,5.55,780.0,22.5
2009-09-06,70.5,0.0,0.015,6.5,5.949999999999999,777.0,13.5
2009-09-07,69.0,0.0,0.0,3.5,5.45,774.0,16.0
2009-09-08,69.5,0.0,0.0,3.5,7.65,771.0,17.0
2009-09-09,72.5,0.0,0.0,6.5,7.050000000000001,769.0,11.0
2009-09-10,73.0,0.0,0.0,6.5,7.05,766.0,16.0
2009-09-11,71.0,0.0,0.0,7.5,6.15,763.0,16.5
2009-09-12,69.5,0.0,0.0,4.5,4.65,761.0,19.0
2009-09-13,68.5,0.0,0.005,7.0,3.6,758.0,22.0
2009-09-14,71.5,0.0,0.0,23.0,2.4000000000000004,755.0,25.5
2009-09-15,73.0,0.0,0.0,2.0,7.25,752.0,19.0
2009-09-16,66.0,0.0,0.0,5.5,12.4,748.0,11.0
2009-09-17,62.0,3.0,0.0,6.5,4.800000000000001,745.0,19.5
2009-09-18,65.5,0.0,0.0,2.5,6.550000000000001,741.0,28.0
2009-09-19,66.5,0.0,0.0,10.0,5.85,739.0,19.0
2009-09-20,63.5,1.5,0.595,7.5,7.6,736.0,18.0
2009-09-21,65.0,0.5,0.0,23.0,5.05,733.0,6.5
2009-09-22,69.0,0.0,0.02,17.5,7.5,730.0,15.5
2009-09-23,69.0,0.0,0.0,31.5,4.35,728.0,14.0
2009-09-24,68.5,0.0,0.0,6.5,4.550000000000001,725.0,8.0
2009-09-25,65.0,0.0,0.09,11.0,6.8,722.0,10.0
2009-09-26,61.5,3.5,0.0,26.5,4.6,719.0,12.0
2009-09-27,63.0,2.0,0.27999999999999997,22.5,10.2,717.0,22.5
2009-09-28,56.5,8.5,0.005,28.5,20.45,714.0,13.0
2009-09-29,53.5,11.5,0.0,33.0,10.25,711.0,11.0
2009-09-30,55.0,10.0,0.0,3.0,6.9,708.0,13.5
2009-10-01,51.0,14.0,0.74,13.0,9.1,706.0,16.5
2009-10-02,52.0,13.0,0.19,21.5,11.8,703.0,8.5
2009-10-03,52.5,12.5,0.07,26.0,8.600000000000001,700.0,10.5
2009-10-04,53.0,12.0,0.0,27.5,9.25,697.0,15.5
2009-10-05,52.5,12.5,0.0,8.5,4.95,694.0,19.0
2009-10-06,55.5,9.5,0.04,24.0,15.0,691.0,12.5
2009-10-07,53.0,12.0,0.0,26.0,10.45,689.0,15.0
2009-10-08,50.0,15.0,0.13,20.5,5.199999999999999,686.0,7.5
2009-10-09,46.0,19.0,0.445,34.5,10.1,683.0,12.5
2009-10-10,40.5,24.5,0.0,28.5,7.949999999999999,681.0,16.0
2009-10-11,37.0,28.0,0.0,17.0,4.9,678.0,15.5
2009-10-12,45.5,19.5,0.01,21.5,3.65,675.0,7.0
2009-10-13,41.5,23.5,0.0,1.5,10.65,672.0,12.5
2009-10-14,45.0,20.0,0.03,9.5,11.35,669.0,6.0
2009-10-15,43.0,22.0,0.31,6.5,9.55,667.0,3.0
2009-10-16,42.5,22.5,0.06,35.0,8.149999999999999,664.0,6.0
2009-10-17,45.0,20.0,0.005,34.5,7.949999999999999,661.0,14.5
2009-10-18,42.5,22.5,0.0,21.0,6.550000000000001,659.0,21.0
2009-10-19,55.0,10.0,0.0,21.0,11.15,656.0,22.0
2009-10-20,56.5,8.5,0.04,19.0,6.35,653.0,13.5
2009-10-21,62.5,2.5,0.005,21.0,11.35,650.0,14.5
2009-10-22,53.5,11.5,0.935,5.5,13.1,648.0,9.5
2009-10-23,52.5,12.5,1.09,18.5,15.8,645.0,18.5
2009-10-24,44.0,21.0,0.045,26.0,9.600000000000001,643.0,11.0
2009-10-25,53.5,11.5,0.255,19.0,7.1,640.0,18.5
2009-10-26,52.5,12.5,0.12,21.0,7.15,637.0,5.5
2009-10-27,49.0,16.0,0.11,5.0,6.75,635.0,5.0
2009-10-28,54.0,11.0,0.0,13.5,3.65,632.0,7.5
2009-10-29,54.0,11.0,0.825,14.0,12.05,630.0,12.5
2009-10-30,57.5,7.5,0.98,20.5,17.65,627.0,21.0
2009-10-31,41.5,23.5,0.005,26.0,12.65,624.0,10.5
2010-05-01,65.0,0.5,0.06,21.5,8.75,841.0,11.0
2010-05-02,61.0,4.0,0.62,25.5,6.5,843.0,15.0
2010-05-03,61.5,3.5,0.0,25.0,9.45,845.0,21.0
2010-05-04,66.0,0.0,0.0,21.0,13.399999999999999,848.0,28.0
2010-05-05,64.5,0.5,0.0,27.0,12.45,850.0,16.0
2010-05-06,54.5,10.5,0.030000000000000002,4.5,9.6,853.0,14.5
2010-05-07,52.5,12.5,0.73,32.5,13.5,855.0,13.5
2010-05-08,46.0,19.0,0.05,29.5,14.8,858.0,8.0
2010-05-09,47.5,17.5,0.0,20.5,6.15,860.0,19.5
2010-05-10,50.5,14.5,0.0,11.5,13.6,862.0,16.0
2010-05-11,50.0,15.0,0.845,10.5,10.15,864.0,11.5
2010-05-12,49.0,16.0,0.13,6.0,10.2,866.0,7.0
2010-05-13,62.5,2.5,1.23,25.0,12.850000000000001,868.0,27.0
2010-05-14,57.5,7.5,0.0,26.0,11.75,870.0,18.5
2010-05-15,53.5,11.5,0.0,4.5,6.1,872.0,17.0
2010-05-16,55.0,10.0,0.0,5.0,10.8,874.0,22.5
2010-05-17,55.0,10.0,0.06,3.0,9.3,876.0,8.0
2010-05-18,56.0,9.0,0.0,2.5,9.95,878.0,16.0
2010-05-19,59.5,5.5,0.0,4.0,6.85,880.0,28.5
2010-05-20,61.5,3.5,0.07,12.5,7.6,882.0,24.0
2010-05-21,64.5,0.5,0.305,11.0,6.25,884.0,16.5
2010-05-22,65.5,0.0,0.005,10.5,5.75,886.0,15.0
2010-05-23,76.5,0.0,0.0,18.0,10.0,887.0,25.5
2010-05-24,81.5,0.0,0.0,13.5,8.05,889.0,19.5
2010-05-25,79.0,0.0,0.0,12.5,7.949999999999999,891.0,17.5
2010-05-26,77.5,0.0,0.0,2.5,5.15,893.0,18.0
2010-05-27,69.5,0.0,0.0,2.5,11.85,894.0,15.0
2010-05-28,68.0,0.0,0.0,2.5,9.4,895.0,19.5
2010-05-29,73.0,0.0,0.0,6.0,5.699999999999999,896.0,24.5
2010-05-30,77.0,0.0,0.0,17.5,6.0,898.0,28.5
2010-05-31,74.5,0.0,0.915,21.5,4.75,899.0,17.0
2010-06-01,74.5,0.0,0.0,18.0,6.05,901.0,20.5
2010-06-02,67.5,0.0,1.1600000000000001,33.0,9.399999999999999,901.0,19.0
2010-06-03,64.5,0.5,0.0,4.0,7.75,903.0,14.0
2010-06-04,71.0,0.0,0.0,21.5,9.15,904.0,24.5
2010-06-05,70.0,0.0,0.33,23.5,7.9,906.0,19.0
2010-06-06,66.5,0.0,0.0,32.5,10.8,906.0,19.0
2010-06-07,62.5,2.5,0.0,7.5,7.4,907.0,14.5
2010-06-08,63.0,2.0,0.39,13.0,9.5,908.0,8.5
2010-06-09,74.5,0.0,0.0,27.5,10.8,909.0,17.0
2010-06-10,68.0,0.0,0.0,7.5,6.7,910.0,17.0
2010-06-11,76.5,0.0,0.215,19.0,10.35,910.0,24.5
2010-06-12,70.0,0.0,0.23,3.0,7.75,911.0,15.0
2010-06-13,67.0,0.0,0.25,8.0,4.8,911.0,10.5
2010-06-14,66.0,0.0,0.005,4.5,6.55,912.0,10.5
2010-06-15,70.0,0.0,0.735,19.5,5.9,912.0,18.5
2010-06-16,74.5,0.0,0.0,27.5,9.6,913.0,20.0
2010-06-17,75.0,0.0,0.0,14.0,7.2,913.0,18.5
2010-06-18,79.0,0.0,0.765,21.5,10.0,913.0,24.0
2010-06-19,76.0,0.0,0.0,27.5,11.05,914.0,19.5
2010-06-20,73.5,0.0,0.0,8.0,4.95,914.0,15.0
2010-06-21,76.5,0.0,0.31,16.5,7.7,914.0,17.5
2010-06-22,77.5,0.0,0.0,22.5,7.050000000000001,914.0,16.0
2010-06-23,77.5,0.0,1.05,22.0,11.5,914.0,19.0
2010-06-24,74.0,0.0,0.0,34.0,8.399999999999999,914.0,17.5
2010-06-25,74.0,0.0,0.0,20.0,7.5,914.0,20.0
2010-06-26,78.0,0.0,0.7749999999999999,13.5,6.85,913.0,19.0
2010-06-27,79.5,0.0,0.71,24.0,9.55,913.0,14.0
2010-06-28,73.5,0.0,0.0,31.0,11.5,912.0,18.0
2010-06-29,67.5,0.0,0.0,5.0,8.05,912.0,13.5
2010-06-30,66.5,0.0,0.0,4.5,6.3,912.0,19.0
2010-07-01,67.0,0.0,0.0,9.5,5.75,911.0,20.5
2010-07-02,72.0,0.0,0.0,18.5,8.0,911.0,22.5
2010-07-03,75.0,0.0,0.0,20.0,8.7,910.0,25.0
2010-07-04,81.0,0.0,0.015,22.0,10.6,908.0,21.5
2010-07-05,85.0,0.0,0.0,20.0,14.3,908.0,12.0
2010-07-06,82.5,0.0,0.205,22.5,9.6,907.0,16.5
2010-07-07,82.5,0.0,0.125,23.5,5.9,907.0,22.0
2010-07-08,81.0,0.0,0.155,33.0,5.050000000000001,905.0,14.0
2010-07-09,79.5,0.0,0.0,19.0,7.0,904.0,16.5
2010-07-10,79.0,0.0,0.005,27.5,7.55,904.0,20.0
2010-07-11,76.0,0.0,0.78,22.0,7.25,902.0,18.5
2010-07-12,75.0,0.0,0.005,19.5,4.25,901.0,19.0
2010-07-13,77.5,0.0,0.095,9.5,6.5,899.0,13.5
2010-07-14,81.0,0.0,0.0,17.5,9.649999999999999,899.0,19.5
2010-07-15,82.0,0.0,0.005,26.0,10.2,897.0,19.0
2010-07-16,79.0,0.0,0.0,25.0,8.0,895.0,22.5
2010-07-17,82.0,0.0,0.0,27.0,6.65,894.0,21.5
2010-07-18,82.5,0.0,0.15,24.5,9.45,892.0,18.5
2010-07-19,77.5,0.0,0.005,23.5,4.9,890.0,13.5
2010-07-20,77.0,0.0,0.0,23.0,7.550000000000001,890.0,17.0
2010-07-21,82.0,0.0,0.0,30.5,6.55,888.0,18.0
2010-07-22,80.5,0.0,0.015,20.0,10.45,886.0,19.5
2010-07-23,82.5,0.0,2.9699999999999998,24.0,11.4,884.0,24.0
2010-07-24,78.0,0.0,4.1850000000000005,25.5,9.5,882.0,18.0
2010-07-25,74.5,0.0,0.26,2.0,9.399999999999999,880.0,14.0
2010-07-26,73.5,0.0,0.0,12.0,5.300000000000001,879.0,21.5
2010-07-27,79.0,0.0,0.0,21.0,6.550000000000001,877.0,18.5
2010-07-28,82.5,0.0,0.0,26.5,9.05,875.0,14.5
2010-07-29,75.0,0.0,0.0,5.5,7.4,873.0,13.5
2010-07-30,75.0,0.0,0.0,16.5,5.949999999999999,871.0,9.5
2010-07-31,72.5,0.0,0.64,13.5,5.3,869.0,14.0
2010-08-01,75.5,0.0,0.0,12.0,4.0,866.0,19.5
2010-08-02,76.5,0.0,0.04,21.0,6.5,864.0,15.5
2010-08-03,76.0,0.0,0.9400000000000001,20.5,3.45,862.0,21.0
2010-08-04,76.5,0.0,0.5249999999999999,26.5,4.550000000000001,860.0,11.0
2010-08-05,76.0,0.0,0.0,29.0,10.350000000000001,858.0,15.5
2010-08-06,73.0,0.0,0.0,29.0,6.4,856.0,18.0
2010-08-07,74.0,0.0,0.0,23.0,7.75,853.0,19.5
2010-08-08,78.5,0.0,0.065,21.5,9.600000000000001,851.0,17.0
2010-08-09,81.0,0.0,0.075,24.0,6.8,849.0,15.0
2010-08-10,82.5,0.0,0.0,7.5,5.4,846.0,12.5
2010-08-11,83.5,0.0,0.0,27.5,6.7,844.0,14.0
2010-08-12,82.5,0.0,0.0,9.0,5.7,842.0,16.0
2010-08-13,83.0,0.0,0.455,17.5,8.3,839.0,20.0
2010-08-14,80.0,0.0,0.0,23.5,4.6,837.0,16.0
2010-08-15,75.5,0.0,0.0,29.0,9.05,835.0,17.0
2010-08-16,72.0,0.0,0.0,27.5,9.600000000000001,832.0,16.5
2010-08-17,72.0,0.0,0.03,29.0,6.05,830.0,14.5
2010-08-18,74.0,0.0,0.045,19.0,3.45,827.0,20.0
2010-08-19,77.5,0.0,0.0,21.0,5.25,825.0,20.0
2010-08-20,83.0,0.0,0.015,19.0,10.85,822.0,19.5
2010-08-21,79.0,0.0,0.52,34.0,5.6,820.0,15.0
2010-08-22,74.5,0.0,0.0,2.5,9.4,817.0,12.5
2010-08-23,73.0,0.0,0.0,5.5,7.699999999999999,814.0,13.0
2010-08-24,74.5,0.0,0.0,6.0,5.55,811.0,16.5
2010-08-25,70.5,0.0,0.0,32.5,10.100000000000001,809.0,17.0
2010-08-26,69.5,0.0,0.0,10.0,5.65,806.0,18.0
2010-08-27,72.5,0.0,0.0,21.0,7.8,803.0,24.5
2010-08-28,76.5,0.0,0.0,18.5,9.3,801.0,22.5
2010-08-29,83.0,0.0,0.0,19.0,9.55,798.0,22.0
2010-08-30,81.0,0.0,0.0,19.0,12.5,796.0,14.5
2010-08-31,84.0,0.0,0.0,20.0,13.6,793.0,17.5
2010-09-01,76.0,0.0,0.15500000000000003,22.5,7.1,790.0,9.5
2010-09-02,74.5,0.0,1.235,21.0,7.4,788.0,17.5
2010-09-03,64.0,1.0,0.0,28.0,15.9,785.0,14.5
2010-09-04,60.0,5.0,0.0,29.5,11.9,782.0,16.5
2010-09-05,64.0,1.0,0.0,20.0,8.5,780.0,26.0
2010-09-06,75.0,0.0,0.0,20.0,14.600000000000001,777.0,16.0
2010-09-07,69.0,0.0,0.0,25.0,18.0,774.0,19.0
2010-09-08,61.5,3.5,0.0,33.0,7.15,771.0,19.0
2010-09-09,60.0,5.0,0.0,3.5,6.7,769.0,16.0
2010-09-10,65.0,0.5,0.0,9.5,10.2,766.0,15.0
2010-09-11,67.0,0.0,0.2,24.0,9.15,763.0,16.5
2010-09-12,68.5,0.0,0.0,25.5,8.05,761.0,29.5
2010-09-13,71.0,0.0,0.0,28.5,5.35,758.0,23.0
2010-09-14,67.0,0.0,0.0,6.0,5.25,755.0,21.0
2010-09-15,67.5,0.0,0.02,12.0,8.8,752.0,15.0
2010-09-16,62.5,2.5,0.095,33.0,12.15,748.0,14.5
2010-09-17,62.5,2.5,0.0,19.0,4.65,745.0,24.0
2010-09-18,62.5,2.5,0.285,3.0,6.9,741.0,6.5
2010-09-19,61.5,3.5,0.005,4.0,8.15,739.0,12.0
2010-09-20,69.5,0.0,0.0,12.0,6.8,736.0,13.5
2010-09-21,78.0,0.0,0.04,22.0,10.95,733.0,21.0
2010-09-22,69.5,0.0,0.0,7.0,5.6,730.0,11.0
2010-09-23,77.5,0.0,0.0,20.5,16.0,728.0,24.0
2010-09-24,68.0,0.0,0.23,25.0,16.950000000000003,725.0,23.0
2010-09-25,56.0,9.0,0.0,36.0,9.2,722.0,8.0
2010-09-26,55.5,9.5,0.025,2.0,10.95,719.0,9.0
2010-09-27,56.5,8.5,0.005,4.5,3.8000000000000003,717.0,15.5
2010-09-28,58.5,6.5,0.0,4.0,3.7,714.0,24.5
2010-09-29,63.5,1.5,0.0,21.5,5.6,711.0,24.5
2010-09-30,63.5,1.5,0.0,18.5,9.7,708.0,22.0
2010-10-01,61.5,3.5,0.05,28.5,5.9,706.0,25.0
2010-10-02,51.0,14.0,0.255,36.0,16.6,703.0,10.5
2010-10-03,49.5,15.5,0.045,18.5,11.15,700.0,14.0
2010-10-04,49.5,15.5,0.0,2.5,4.0,697.0,20.0
2010-10-05,53.5,11.5,0.0,34.0,3.1,694.0,27.5
2010-10-06,62.0,3.0,0.0,27.5,7.6,691.0,32.5
2010-10-07,63.0,2.0,0.0,30.5,5.35,689.0,27.0
2010-10-08,64.0,1.0,0.0,24.0,7.199999999999999,686.0,30.5
2010-10-09,71.5,0.0,0.0,24.0,3.9000000000000004,683.0,31.0
2010-10-10,71.5,0.0,0.0,25.0,4.0,681.0,26.0
2010-10-11,68.5,0.0,0.0,18.5,4.15,678.0,26.0
2010-10-12,64.5,0.5,0.0,6.0,4.45,675.0,23.0
2010-10-13,56.5,8.5,0.18,35.5,8.45,672.0,17.0
2010-10-14,55.0,10.0,0.0,27.0,8.6,669.0,23.0
2010-10-15,54.5,10.5,0.0,18.5,8.649999999999999,667.0,17.0
2010-10-16,57.0,8.0,0.0,22.5,8.1,664.0,29.0
2010-10-17,56.0,9.0,0.0,2.0,5.35,661.0,17.0
2010-10-18,52.5,12.5,0.0,4.5,5.9,659.0,16.5
2010-10-19,50.5,14.5,0.0,27.5,6.800000000000001,656.0,21.0
2010-10-20,57.5,7.5,0.0,26.0,12.149999999999999,653.0,25.0
2010-10-21,48.0,17.0,0.0,30.0,9.4,650.0,16.5
2010-10-22,50.0,15.0,0.015,21.0,5.8,648.0,29.5
2010-10-23,60.5,4.5,0.155,20.5,10.850000000000001,645.0,12.0
2010-10-24,64.0,1.0,0.53,20.5,9.05,643.0,17.0
2010-10-25,64.5,0.5,0.005,19.0,11.55,640.0,15.5
2010-10-26,62.5,2.5,0.32,21.0,23.85,637.0,16.5
2010-10-27,54.0,11.0,0.0,24.5,22.65,635.0,22.0
2010-10-28,43.0,22.0,0.0,28.0,14.649999999999999,632.0,7.0
2010-10-29,41.5,23.5,0.0,24.0,7.95,630.0,18.0
2010-10-30,52.5,12.5,0.0,24.5,13.3,627.0,21.5
2010-10-31,45.0,20.0,0.0,2.0,8.4,624.0,14.5
2011-05-01,56.5,8.5,0.0,26.0,11.75,841.0,14.0
2011-05-02,51.5,13.5,0.0,36.0,9.9,843.0,17.0
2011-05-03,44.5,20.5,0.0,2.5,8.149999999999999,845.0,13.0
2011-05-04,47.5,17.5,0.0,3.0,7.449999999999999,848.0,21.0
2011-05-05,50.5,14.5,0.08,19.5,11.2,850.0,24.5
2011-05-06,56.5,8.5,0.0,27.5,8.55,853.0,24.0
2011-05-07,52.5,12.5,0.0,5.0,7.4,855.0,15.5
2011-05-08,55.0,10.0,0.0,6.0,7.5,858.0,26.5
2011-05-09,61.5,3.5,0.0,11.5,15.149999999999999,860.0,24.5
2011-05-10,77.0,0.0,0.0,15.5,8.6,862.0,27.5
2011-05-11,76.5,0.0,0.20500000000000002,14.0,6.5,864.0,22.5
2011-05-12,73.5,0.0,0.155,19.0,7.75,866.0,26.0
2011-05-13,62.0,3.0,0.015,2.0,11.25,868.0,30.0
2011-05-14,49.0,16.0,0.37,1.5,17.049999999999997,870.0,6.5
2011-05-15,44.5,20.5,0.33999999999999997,1.5,20.15,872.0,5.5
2011-05-16,46.0,19.0,0.0,1.5,14.0,874.0,14.0
2011-05-17,50.0,15.0,0.0,2.5,13.149999999999999,876.0,20.0
2011-05-18,54.5,10.5,0.05,1.5,7.05,878.0,9.5
2011-05-19,61.5,3.5,0.0,2.0,5.4,880.0,23.0
2011-05-20,61.5,3.5,0.0,6.5,6.1,882.0,22.5
2011-05-21,63.5,1.5,0.005,15.0,8.55,884.0,25.0
2011-05-22,75.5,0.0,0.35,18.5,11.5,886.0,24.5
2011-05-23,71.5,0.0,0.0,24.5,11.9,887.0,17.0
2011-05-24,58.0,7.0,0.06,3.5,11.95,889.0,20.0
2011-05-25,59.5,5.5,2.0700000000000003,3.0,10.899999999999999,891.0,23.0
2011-05-26,46.5,18.5,0.835,1.5,18.35,893.0,6.5
2011-05-27,49.5,15.5,0.005,4.5,8.35,894.0,17.0
2011-05-28,57.5,7.5,0.175,18.0,6.25,895.0,11.5
2011-05-29,63.0,2.0,1.4,11.0,6.15,896.0,16.5
2011-05-30,75.0,0.0,0.0,19.5,12.2,898.0,28.5
2011-05-31,78.0,0.0,0.04,22.0,13.2,899.0,17.5
2011-06-01,71.5,0.0,0.0,26.5,11.0,901.0,20.5
2011-06-02,63.0,2.0,0.01,6.0,9.5,901.0,12.5
2011-06-03,72.0,0.0,0.095,16.5,11.05,903.0,31.5
2011-06-04,78.5,0.0,0.33999999999999997,26.0,8.3,904.0,26.0
2011-06-05,73.5,0.0,0.005,7.5,5.2,906.0,23.0
2011-06-06,77.5,0.0,0.0,20.0,9.149999999999999,906.0,32.5
2011-06-07,86.5,0.0,0.0,23.0,10.35,907.0,20.0
2011-06-08,81.5,0.0,0.43,23.5,12.75,908.0,29.0
2011-06-09,60.5,4.5,1.55,4.0,12.25,909.0,18.0
2011-06-10,60.5,4.5,0.48,2.0,7.75,910.0,19.0
2011-06-11,58.0,7.0,0.065,3.5,5.75,910.0,11.0
2011-06-12,57.5,7.5,0.0,2.5,9.4,911.0,13.5
2011-06-13,63.5,1.5,0.0,6.0,8.25,911.0,16.5
2011-06-14,66.5,0.0,0.0,9.0,8.45,912.0,21.5
2011-06-15,64.5,0.5,0.8200000000000001,15.5,11.2,912.0,14.5
2011-06-16,71.5,0.0,0.035,27.5,8.3,913.0,19.5
2011-06-17,72.0,0.0,0.0,6.5,6.4,913.0,20.0
2011-06-18,73.0,0.0,0.0,7.0,6.4,913.0,21.5
2011-06-19,73.0,0.0,0.0,12.5,5.050000000000001,914.0,18.0
2011-06-20,73.5,0.0,0.705,16.0,8.8,914.0,12.5
2011-06-21,78.5,0.0,0.265,18.0,11.95,914.0,21.5
2011-06-22,70.0,0.0,0.02,21.0,13.4,914.0,9.0
2011-06-23,67.5,0.0,0.030000000000000002,26.0,13.1,914.0,9.0
2011-06-24,64.0,1.0,0.0,29.0,9.149999999999999,914.0,8.0
2011-06-25,69.5,0.0,0.0,9.5,5.199999999999999,914.0,19.0
2011-06-26,70.5,0.0,0.0,9.0,6.95,913.0,20.0
2011-06-27,73.5,0.0,0.085,21.0,10.0,913.0,14.5
2011-06-28,72.5,0.0,0.0,30.0,9.1,912.0,17.0
2011-06-29,71.0,0.0,0.0,8.0,5.65,912.0,19.5
2011-06-30,76.0,0.0,0.015,16.5,10.0,912.0,25.5
2011-07-01,80.5,0.0,0.005,18.0,12.850000000000001,911.0,18.0
2011-07-02,83.0,0.0,0.0,23.5,7.9,911.0,21.5
2011-07-03,77.5,0.0,0.0,2.5,6.0,910.0,15.5
2011-07-04,77.5,0.0,0.0,6.0,4.4,908.0,22.0
2011-07-05,80.0,0.0,0.0,27.0,5.9,908.0,24.0
2011-07-06,78.5,0.0,0.0,4.0,7.4,907.0,16.0
2011-07-07,73.5,0.0,0.035,7.0,6.65,907.0,17.0
2011-07-08,75.0,0.0,0.0,5.0,6.25,905.0,23.0
2011-07-09,77.5,0.0,0.0,18.5,6.2,904.0,26.5
2011-07-10,83.0,0.0,0.0,19.0,8.899999999999999,904.0,16.5
2011-07-11,80.0,0.0,0.26,24.5,8.25,902.0,18.5
2011-07-12,79.5,0.0,0.01,3.0,7.35,901.0,17.0
2011-07-13,69.5,0.0,0.0,4.0,11.55,899.0,9.5
2011-07-14,72.5,0.0,0.0,9.5,8.35,899.0,20.0
2011-07-15,79.0,0.0,0.0,9.5,6.75,897.0,16.0
2011-07-16,81.0,0.0,0.0,19.0,3.5,895.0,17.0
2011-07-17,83.5,0.0,0.0,22.5,6.800000000000001,894.0,23.5
2011-07-18,86.5,0.0,0.005,24.5,11.25,892.0,12.0
2011-07-19,86.0,0.0,0.0,6.5,6.4,890.0,14.0
2011-07-20,87.5,0.0,0.01,23.0,10.3,890.0,24.5
2011-07-21,89.5,0.0,0.01,27.0,9.4,888.0,21.5
2011-07-22,79.0,0.0,0.845,9.5,8.6,886.0,23.5
2011-07-23,79.0,0.0,3.45,25.0,5.1,884.0,17.0
2011-07-24,80.0,0.0,0.09999999999999999,21.5,6.050000000000001,882.0,15.0
2011-07-25,81.5,0.0,0.005,33.5,6.3,880.0,16.0
2011-07-26,78.0,0.0,0.005,5.5,8.25,879.0,12.5
2011-07-27,80.5,0.0,0.355,16.0,9.7,877.0,21.0
2011-07-28,80.5,0.0,0.35,22.0,6.8,875.0,14.0
2011-07-29,79.5,0.0,0.53,4.0,5.75,873.0,13.5
2011-07-30,79.5,0.0,0.0,12.0,3.4,871.0,23.5
2011-07-31,80.5,0.0,0.0,24.0,5.0,869.0,20.0
2011-08-01,83.5,0.0,0.0,26.0,5.4,866.0,16.0
2011-08-02,84.0,0.0,0.355,20.5,8.8,864.0,19.0
2011-08-03,79.5,0.0,0.0,1.5,9.15,862.0,14.0
2011-08-04,76.5,0.0,0.0,5.0,6.35,860.0,14.0
2011-08-05,76.5,0.0,0.0,6.0,5.75,858.0,14.0
2011-08-06,79.0,0.0,0.43499999999999994,4.0,3.85,856.0,12.5
2011-08-07,78.0,0.0,0.62,26.5,6.0,853.0,17.5
2011-08-08,74.5,0.0,0.45999999999999996,5.0,6.0,851.0,11.5
2011-08-09,73.0,0.0,0.005,27.5,11.35,849.0,16.0
2011-08-10,69.5,0.0,0.0,31.0,8.35,846.0,16.0
2011-08-11,70.0,0.0,0.0,23.5,3.6,844.0,22.5
2011-08-12,72.5,0.0,0.0,19.0,8.45,842.0,19.0
2011-08-13,74.0,0.0,0.8400000000000001,25.5,7.25,839.0,19.5
2011-08-14,69.0,0.0,0.005,35.5,12.149999999999999,837.0,13.0
2011-08-15,70.0,0.0,0.0,3.5,5.050000000000001,835.0,23.0
2011-08-16,73.0,0.0,0.0,18.0,3.45,832.0,22.0
2011-08-17,73.5,0.0,0.0,21.5,6.1,830.0,19.5
2011-08-18,77.0,0.0,0.0,5.5,5.2,827.0,15.5
2011-08-19,76.5,0.0,0.0,13.5,5.5,825.0,21.0
2011-08-20,73.5,0.0,0.75,18.5,4.15,822.0,12.5
2011-08-21,73.0,0.0,0.005,32.0,8.05,820.0,15.5
2011-08-22,71.5,0.0,0.0,17.0,3.8,817.0,22.0
2011-08-23,69.0,0.0,0.525,20.0,9.65,814.0,9.5
2011-08-24,81.0,0.0,0.0,26.0,10.85,811.0,22.0
2011-08-25,73.5,0.0,0.0,19.0,7.15,809.0,17.0
2011-08-26,71.5,0.0,0.0,23.0,3.3499999999999996,806.0,23.0
2011-08-27,74.0,0.0,0.0,1.5,9.25,803.0,16.5
2011-08-28,69.0,0.0,0.0,1.5,8.55,801.0,16.0
2011-08-29,69.5,0.0,0.0,4.0,3.85,798.0,18.5
2011-08-30,70.5,0.0,0.03,15.0,6.55,796.0,15.0
2011-08-31,76.5,0.0,0.025,17.0,7.8500000000000005,793.0,22.5
2011-09-01,83.0,0.0,0.0,21.0,6.1,790.0,21.0
2011-09-02,85.5,0.0,0.0,21.0,7.0,788.0,15.5
2011-09-03,79.0,0.0,0.08499999999999999,24.5,5.95,785.0,18.0
2011-09-04,66.5,0.0,0.0,32.0,11.5,782.0,14.5
2011-09-05,59.5,5.5,0.0,18.5,15.700000000000001,780.0,13.5
2011-09-06,60.5,4.5,0.0,3.5,12.2,777.0,12.0
2011-09-07,62.5,2.5,0.0,1.5,12.05,774.0,15.0
2011-09-08,67.0,0.0,0.03,2.0,14.3,771.0,15.0
2011-09-09,67.0,0.0,0.065,4.0,8.350000000000001,769.0,10.0
2011-09-10,67.0,0.0,0.005,14.0,2.55,766.0,20.0
2011-09-11,71.0,0.0,0.0,26.0,5.1,763.0,24.5
2011-09-12,75.0,0.0,0.0,23.0,10.100000000000001,761.0,22.0
2011-09-13,66.0,0.0,0.0,31.0,8.25,758.0,17.5
2011-09-14,53.5,11.5,0.04,33.0,7.3,755.0,11.5
2011-09-15,51.5,13.5,0.0,18.5,8.75,752.0,16.5
2011-09-16,53.0,12.0,0.0,10.5,3.5,748.0,11.5
2011-09-17,60.0,5.0,0.0,11.0,9.25,745.0,17.5
2011-09-18,60.5,4.5,0.385,14.5,8.75,741.0,10.0
2011-09-19,62.0,3.0,0.32499999999999996,27.5,5.8,739.0,13.5
2011-09-20,63.0,2.0,0.005,17.5,6.699999999999999,736.0,23.5
2011-09-21,64.5,0.5,0.0,24.5,10.65,733.0,15.0
2011-09-22,58.0,7.0,0.0,26.0,7.050000000000001,730.0,11.5
2011-09-23,55.0,10.0,0.01,36.0,6.7,728.0,14.0
2011-09-24,57.0,8.0,0.10500000000000001,3.5,4.949999999999999,725.0,11.5
2011-09-25,58.5,6.5,0.155,13.5,5.65,722.0,12.5
2011-09-26,57.5,7.5,1.055,18.5,13.9,719.0,8.5
2011-09-27,59.0,6.0,0.28,5.5,7.7,717.0,9.0
2011-09-28,58.5,6.5,0.46,32.0,6.85,714.0,10.5
2011-09-29,58.5,6.5,0.075,27.5,13.1,711.0,16.0
2011-09-30,52.0,13.0,0.13,34.0,15.65,708.0,11.5
2011-10-01,49.5,15.5,0.0,35.5,10.75,706.0,13.0
2011-10-02,53.5,11.5,0.0,32.0,5.0,703.0,24.5
2011-10-03,57.5,7.5,0.0,2.5,4.55,700.0,25.0
2011-10-04,60.0,5.0,0.0,15.5,2.0,697.0,30.5
2011-10-05,65.5,0.0,0.0,17.5,3.05,694.0,29.5
2011-10-06,67.5,0.0,0.0,15.0,4.6,691.0,28.0
2011-10-07,70.5,0.0,0.0,17.5,7.25,689.0,27.5
2011-10-08,70.0,0.0,0.0,19.0,7.25,686.0,24.5
2011-10-09,67.0,0.0,0.0,9.5,3.8,683.0,26.0
2011-10-10,66.5,0.0,0.0,16.0,6.2,681.0,20.5
2011-10-11,68.0,0.0,0.0,14.0,4.75,678.0,21.0
2011-10-12,67.0,0.0,0.0,14.0,7.449999999999999,675.0,21.5
2011-10-13,58.5,6.5,0.385,25.0,6.5,672.0,13.0
2011-10-14,55.0,10.0,0.0,27.5,15.45,669.0,13.0
2011-10-15,54.5,10.5,0.0,26.5,15.2,667.0,14.5
2011-10-16,54.0,11.0,0.14500000000000002,27.0,8.3,664.0,14.0
2011-10-17,49.5,15.5,0.0,25.5,10.850000000000001,661.0,17.5
2011-10-18,47.5,17.5,0.04,18.5,7.85,659.0,13.5
2011-10-19,47.0,18.0,0.845,18.5,18.95,656.0,5.0
2011-10-20,44.5,20.5,0.07500000000000001,31.5,15.5,653.0,4.0
2011-10-21,46.5,18.5,0.0,28.5,5.550000000000001,650.0,17.0
2011-10-22,51.0,14.0,0.0,22.0,3.8,648.0,30.0
2011-10-23,53.5,11.5,0.21000000000000002,22.5,6.9,645.0,28.0
2011-10-24,54.0,11.0,0.03,27.5,7.199999999999999,643.0,18.0
2011-10-25,61.0,4.0,0.075,19.0,11.350000000000001,640.0,27.0
2011-10-26,50.5,14.5,0.0,36.0,13.399999999999999,637.0,6.5
2011-10-27,45.5,19.5,0.14,18.0,6.35,635.0,13.5
2011-10-28,45.0,20.0,0.015,21.5,5.65,632.0,19.0
2011-10-29,45.0,20.0,0.0,27.0,5.0,630.0,19.5
2011-10-30,46.0,19.0,0.14,19.0,11.149999999999999,627.0,22.0
2011-10-31,45.5,19.5,0.0,24.5,4.949999999999999,624.0,15.5
2012-05-01,57.5,7.5,0.20500000000000002,12.0,7.0,841.0,14.0
2012-05-02,69.0,0.0,0.0,20.5,9.85,843.0,20.0
2012-05-03,77.0,0.0,0.7050000000000001,21.0,12.65,845.0,18.5
2012-05-04,63.0,2.0,0.28,3.5,9.6,848.0,19.5
2012-05-05,57.0,8.0,0.0,3.0,8.0,850.0,9.0
2012-05-06,62.5,2.5,0.6000000000000001,6.0,7.85,853.0,19.0
2012-05-07,58.0,7.0,0.53,19.5,5.25,855.0,9.5
2012-05-08,61.0,4.0,0.005,27.5,8.9,858.0,18.5
2012-05-09,53.5,11.5,0.03,18.5,7.699999999999999,860.0,13.5
2012-05-10,56.0,9.0,0.0,4.5,6.7,862.0,20.5
2012-05-11,62.0,3.0,0.0,20.0,9.65,864.0,32.5
2012-05-12,60.0,5.0,0.14,2.5,9.05,866.0,16.0
2012-05-13,61.0,4.0,0.0,3.0,8.45,868.0,19.0
2012-05-14,62.5,2.5,0.0,16.5,4.85,870.0,35.5
2012-05-15,71.0,0.0,0.025,24.5,12.2,872.0,28.5
2012-05-16,58.0,7.0,0.0,4.5,11.55,874.0,13.0
2012-05-17,60.0,5.0,0.0,11.0,5.949999999999999,876.0,25.5
2012-05-18,70.0,0.0,0.0,15.5,8.8,878.0,30.0
2012-05-19,77.0,0.0,0.0,16.5,8.85,880.0,30.0
2012-05-20,79.0,0.0,0.14,21.5,11.25,882.0,27.5
2012-05-21,60.5,4.5,0.0,18.5,13.1,884.0,12.0
2012-05-22,60.0,5.0,0.0,4.5,7.550000000000001,886.0,20.0
2012-05-23,65.5,0.0,0.0,16.0,6.75,887.0,34.0
2012-05-24,78.0,0.0,0.0,18.0,16.45,889.0,24.5
2012-05-25,74.0,0.0,0.0,4.0,10.4,891.0,15.5
2012-05-26,73.0,0.0,0.0,7.0,11.25,893.0,22.5
2012-05-27,84.5,0.0,0.0,18.0,10.399999999999999,894.0,25.5
2012-05-28,85.0,0.0,0.01,22.0,14.45,895.0,19.0
2012-05-29,74.0,0.0,0.0,28.0,11.85,896.0,22.5
2012-05-30,61.5,3.5,0.0,36.0,10.0,898.0,16.5
2012-05-31,51.5,13.5,1.045,3.5,12.0,899.0,6.5
2012-06-01,57.0,8.0,0.02,36.0,10.350000000000001,901.0,15.5
2012-06-02,62.5,2.5,0.0,25.5,11.5,901.0,26.0
2012-06-03,68.5,0.0,0.0,27.5,9.6,903.0,24.0
2012-06-04,67.0,0.0,0.0,3.0,8.649999999999999,904.0,15.5
2012-06-05,63.5,1.5,0.0,3.5,9.649999999999999,906.0,12.5
2012-06-06,64.5,0.5,0.0,3.5,6.25,906.0,21.0
2012-06-07,67.0,0.0,0.0,9.5,5.25,907.0,26.0
2012-06-08,72.0,0.0,0.0,24.0,7.45,908.0,31.0
2012-06-09,78.0,0.0,0.0,22.0,10.25,909.0,24.0
2012-06-10,81.0,0.0,0.0,18.5,11.55,910.0,23.5
2012-06-11,80.5,0.0,0.0,22.5,11.1,910.0,19.0
2012-06-12,69.5,0.0,0.0,33.5,10.7,911.0,17.0
2012-06-13,63.5,1.5,0.0,8.0,7.95,911.0,16.0
2012-06-14,72.5,0.0,0.0,12.5,8.7,912.0,28.5
2012-06-15,78.5,0.0,0.0,15.5,9.149999999999999,912.0,30.5
2012-06-16,82.0,0.0,0.345,19.5,12.0,913.0,25.0
2012-06-17,77.5,0.0,0.13,23.0,7.449999999999999,913.0,17.5
2012-06-18,82.0,0.0,0.0,21.0,17.25,913.0,22.5
2012-06-19,86.0,0.0,0.0,20.5,14.7,914.0,18.0
2012-06-20,85.5,0.0,0.0,20.5,15.2,914.0,17.5
2012-06-21,77.5,0.0,0.02,26.5,9.600000000000001,914.0,14.0
2012-06-22,74.5,0.0,0.0,19.5,6.0,914.0,21.5
2012-06-23,75.0,0.0,0.0,8.0,5.25,914.0,24.0
2012-06-24,80.5,0.0,0.0,3.5,7.6,914.0,25.5
2012-06-25,68.5,0.0,0.0,3.5,14.85,914.0,13.5
2012-06-26,71.0,0.0,0.0,9.0,5.800000000000001,913.0,22.5
2012-06-27,76.0,0.0,0.0,20.0,12.0,913.0,30.5
2012-06-28,88.5,0.0,0.1,25.5,9.8,912.0,24.0
2012-06-29,79.0,0.0,0.35,19.5,7.6000000000000005,912.0,18.5
2012-06-30,80.5,0.0,0.0,23.5,7.0,912.0,21.0
2012-07-01,79.0,0.0,0.28,22.5,5.5,911.0,23.5
2012-07-02,85.5,0.0,0.0,23.0,5.75,911.0,25.0
2012-07-03,86.5,0.0,0.0,24.0,10.0,910.0,18.5
2012-07-04,91.0,0.0,0.0,25.0,9.25,908.0,22.0
2012-07-05,91.0,0.0,0.14,25.0,7.25,908.0,23.5
2012-07-06,93.5,0.0,0.0,27.5,7.1,907.0,21.0
2012-07-07,86.0,0.0,0.0,1.5,11.350000000000001,907.0,24.5
2012-07-08,78.5,0.0,0.0,3.0,12.3,905.0,14.0
2012-07-09,78.5,0.0,0.0,5.5,6.85,904.0,22.5
2012-07-10,76.0,0.0,0.0,4.0,10.6,904.0,13.5
2012-07-11,77.0,0.0,0.0,8.5,8.45,902.0,20.0
2012-07-12,80.0,0.0,0.0,11.0,8.7,901.0,22.0
2012-07-13,82.5,0.0,0.14,14.0,6.4,899.0,21.5
2012-07-14,80.0,0.0,0.0,23.5,5.65,899.0,19.0
2012-07-15,83.0,0.0,0.0,24.0,7.1,897.0,24.5
2012-07-16,86.5,0.0,0.0,23.5,8.399999999999999,895.0,23.0
2012-07-17,89.5,0.0,0.0,25.5,9.600000000000001,894.0,19.5
2012-07-18,82.0,0.0,0.7,4.0,8.75,892.0,21.0
2012-07-19,77.5,0.0,0.845,4.5,10.25,890.0,13.5
2012-07-20,75.5,0.0,0.0,4.0,10.6,890.0,13.0
2012-07-21,77.5,0.0,0.0,25.0,4.6,888.0,21.0
2012-07-22,81.0,0.0,0.005,20.5,6.45,886.0,18.0
2012-07-23,89.5,0.0,0.005,24.0,10.65,884.0,16.5
2012-07-24,78.5,0.0,0.455,4.5,7.6,882.0,16.0
2012-07-25,86.5,0.0,0.005,20.0,12.1,880.0,28.0
2012-07-26,80.0,0.0,0.39,24.5,8.95,879.0,18.5
2012-07-27,77.5,0.0,0.02,32.5,8.75,877.0,18.5
2012-07-28,76.0,0.0,0.0,5.5,8.350000000000001,875.0,13.5
2012-07-29,76.0,0.0,0.0,14.5,5.8,873.0,21.0
2012-07-30,82.5,0.0,0.0,20.5,7.2,871.0,21.0
2012-07-31,78.0,0.0,0.165,5.0,7.5,869.0,16.0
2012-08-01,79.5,0.0,0.0,15.5,4.2,866.0,20.0
2012-08-02,81.0,0.0,0.0,12.5,6.65,864.0,24.5
2012-08-03,83.5,0.0,0.0,8.5,6.1,862.0,22.0
2012-08-04,83.0,0.0,0.6950000000000001,19.5,6.45,860.0,22.5
2012-08-05,76.5,0.0,0.0,30.5,8.7,858.0,16.5
2012-08-06,75.5,0.0,0.0,23.5,4.449999999999999,856.0,21.0
2012-08-07,79.0,0.0,0.0,25.0,7.800000000000001,853.0,28.5
2012-08-08,79.0,0.0,0.005,5.5,8.6,851.0,10.5
2012-08-09,70.5,0.0,0.025,4.0,9.399999999999999,849.0,11.5
2012-08-10,69.0,0.0,0.29000000000000004,35.5,14.3,846.0,14.5
2012-08-11,68.0,0.0,0.0,35.0,8.25,844.0,21.5
2012-08-12,67.5,0.0,0.0,22.0,4.25,842.0,18.5
2012-08-13,66.5,0.0,0.37,9.0,2.75,839.0,9.0
2012-08-14,70.5,0.0,0.005,8.5,4.55,837.0,25.5
2012-08-15,76.0,0.0,0.0,22.5,6.3,835.0,19.5
2012-08-16,69.5,0.0,0.35,23.5,10.1,832.0,13.0
2012-08-17,67.5,0.0,0.0,33.5,6.9,830.0,18.0
2012-08-18,66.5,0.0,0.0,14.5,4.75,827.0,22.5
2012-08-19,70.0,0.0,0.0,9.0,3.9000000000000004,825.0,18.5
2012-08-20,67.0,0.0,0.305,6.5,5.1,822.0,16.0
2012-08-21,67.5,0.0,0.0,11.0,4.6,820.0,23.5
2012-08-22,70.0,0.0,0.0,19.0,5.8,817.0,21.5
2012-08-23,79.0,0.0,0.015,18.0,7.699999999999999,814.0,25.0
2012-08-24,80.5,0.0,0.0,18.5,8.350000000000001,811.0,26.0
2012-08-25,81.5,0.0,0.0,18.5,8.05,809.0,25.0
2012-08-26,74.0,0.0,2.115,18.0,7.3,806.0,13.0
2012-08-27,78.0,0.0,0.0,2.5,6.0,803.0,20.5
2012-08-28,75.0,0.0,0.0,7.0,5.45,801.0,21.5
2012-08-29,76.0,0.0,0.0,12.0,5.55,798.0,16.5
2012-08-30,78.5,0.0,0.0,20.0,10.0,796.0,24.0
2012-08-31,82.5,0.0,0.0,23.5,10.25,793.0,21.0
2012-09-01,74.5,0.0,0.125,5.5,11.15,790.0,4.5
2012-09-02,78.0,0.0,0.0,6.0,11.399999999999999,788.0,7.5
2012-09-03,80.0,0.0,0.0,6.5,5.15,785.0,15.5
2012-09-04,78.5,0.0,0.485,7.5,7.55,782.0,22.5
2012-09-05,75.5,0.0,0.165,23.0,6.75,780.0,21.5
2012-09-06,77.5,0.0,0.0,18.5,6.1,777.0,17.0
2012-09-07,69.5,0.0,0.13,34.0,9.2,774.0,18.0
2012-09-08,64.5,0.5,0.255,30.5,11.1,771.0,18.0
2012-09-09,64.0,1.0,0.0,35.0,9.45,769.0,16.5
2012-09-10,65.0,0.5,0.0,18.0,5.7,766.0,23.0
2012-09-11,70.0,0.0,0.0,20.0,10.9,763.0,28.0
2012-09-12,75.0,0.0,0.0,21.0,9.95,761.0,23.5
2012-09-13,63.5,1.5,0.16,35.5,9.95,758.0,16.5
2012-09-14,64.5,0.5,0.0,29.5,6.75,755.0,23.0
2012-09-15,66.0,0.0,0.0,16.0,3.75,752.0,26.5
2012-09-16,65.0,1.0,0.0,21.5,5.25,748.0,25.0
2012-09-17,68.0,0.0,0.21500000000000002,25.5,9.0,745.0,21.5
2012-09-18,56.0,9.0,0.0,32.5,11.899999999999999,741.0,15.0
2012-09-19,59.0,6.0,0.0,20.0,15.15,739.0,29.5
2012-09-20,63.0,2.0,0.0,27.5,8.95,736.0,18.5
2012-09-21,55.5,9.5,0.14,29.5,6.6,733.0,10.5
2012-09-22,53.0,12.0,0.015,29.0,11.0,730.0,14.0
2012-09-23,52.0,13.0,0.0,29.0,6.4,728.0,20.0
2012-09-24,55.5,9.5,0.0,22.5,11.35,725.0,31.0
2012-09-25,64.5,1.0,0.0,20.5,8.5,722.0,25.5
2012-09-26,62.0,3.0,0.0,2.5,9.95,719.0,13.5
2012-09-27,57.5,7.5,0.0,35.5,8.4,717.0,19.0
2012-09-28,59.5,5.5,0.0,18.5,8.600000000000001,714.0,16.0
2012-09-29,64.0,1.0,0.0,35.0,5.7,711.0,30.5
2012-09-30,59.0,6.0,0.0,3.0,8.5,708.0,15.5
2012-10-01,57.5,7.5,0.0,5.0,4.85,706.0,17.5
2012-10-02,62.5,2.5,0.0,3.0,10.8,703.0,13.0
2012-10-03,63.0,2.0,0.14500000000000002,21.0,5.9,700.0,6.0
2012-10-04,64.5,1.0,0.11,23.5,12.45,697.0,29.5
2012-10-05,46.0,19.0,0.0,27.5,9.75,694.0,10.0
2012-10-06,42.5,22.5,0.0,29.5,9.2,691.0,15.5
2012-10-07,44.5,20.5,0.0,28.0,7.25,689.0,14.0
2012-10-08,47.0,18.0,0.0,20.5,12.4,686.0,26.0
2012-10-09,54.5,10.5,0.175,21.5,15.5,683.0,23.5
2012-10-10,44.0,21.0,0.0,28.0,11.95,681.0,15.0
2012-10-11,52.0,13.0,0.01,22.5,13.85,678.0,30.0
2012-10-12,46.0,19.0,0.0,6.0,10.149999999999999,675.0,14.0
2012-10-13,57.0,8.0,0.345,19.5,11.899999999999999,672.0,22.0
2012-10-14,60.5,4.5,0.655,23.5,15.45,669.0,23.0
2012-10-15,52.0,13.0,0.0,31.0,8.75,667.0,16.5
2012-10-16,56.0,9.0,0.0,17.5,13.5,664.0,28.0
2012-10-17,61.5,3.5,0.47,19.0,16.35,661.0,14.0
2012-10-18,50.0,15.0,0.1,22.0,14.8,659.0,9.5
2012-10-19,48.5,16.5,0.08499999999999999,25.0,6.8,656.0,9.0
2012-10-20,49.5,15.5,0.0,25.5,7.1,653.0,18.5
2012-10-21,54.5,10.5,0.0,15.5,6.0,650.0,29.5
2012-10-22,59.5,5.5,0.545,19.0,6.65,648.0,13.5
2012-10-23,64.0,1.0,0.045,16.5,6.35,645.0,11.5
2012-10-24,69.0,0.0,0.0,19.0,10.899999999999999,643.0,19.0
2012-10-25,60.5,4.5,0.29000000000000004,22.0,16.950000000000003,640.0,31.0
2012-10-26,44.5,20.5,0.0,34.0,9.899999999999999,637.0,13.5
2012-10-27,41.5,23.5,0.0,36.0,10.8,635.0,13.0
2012-10-28,44.5,20.5,0.0,1.0,14.25,632.0,10.5
2012-10-29,44.5,20.5,0.0,35.5,15.65,630.0,14.0
2012-10-30,44.0,21.0,0.0,34.5,19.0,627.0,8.0
2012-10-31,42.0,23.0,0.0,32.5,13.100000000000001,624.0,15.0
2013-05-01,72.0,0.0,0.0,18.0,8.85,841.0,25.0
2013-05-02,49.0,16.0,0.055,2.5,15.75,843.0,21.0
2013-05-03,44.5,20.5,0.035,3.0,11.35,845.0,9.0
2013-05-04,60.5,4.5,0.01,6.0,7.3,848.0,23.0
2013-05-05,59.5,5.5,0.0,2.5,8.95,850.0,21.0
2013-05-06,61.0,4.0,0.0,2.5,7.75,853.0,20.0
2013-05-07,62.5,2.5,0.0,5.0,6.05,855.0,27.0
2013-05-08,63.0,2.0,0.0,8.0,4.75,858.0,31.0
2013-05-09,62.0,3.0,0.475,14.5,5.65,860.0,27.5
2013-05-10,46.5,18.5,0.085,35.5,10.4,862.0,4.5
2013-05-11,52.5,12.5,0.0,29.0,11.899999999999999,864.0,17.5
2013-05-12,46.5,18.5,0.0,32.0,10.399999999999999,866.0,17.5
2013-05-13,50.0,15.0,0.0,8.5,6.1,868.0,25.5
2013-05-14,72.5,0.0,0.0,21.5,11.6,870.0,37.0
2013-05-15,72.5,0.0,0.0,26.0,8.95,872.0,22.5
2013-05-16,68.5,0.0,0.0,7.0,5.15,874.0,27.0
2013-05-17,64.5,1.0,0.0,5.0,6.449999999999999,876.0,15.0
2013-05-18,68.5,0.0,0.0,11.0,6.75,878.0,22.0
2013-05-19,73.5,0.0,0.0,14.5,7.85,880.0,26.5
2013-05-20,78.0,0.0,1.17,21.0,14.05,882.0,25.5
2013-05-21,73.5,0.0,0.38,20.0,12.45,884.0,17.0
2013-05-22,64.0,1.0,1.0,24.0,8.350000000000001,886.0,19.0
2013-05-23,49.0,16.0,0.09,19.0,16.450000000000003,887.0,12.5
2013-05-24,49.5,15.5,0.0,3.5,8.55,889.0,15.5
2013-05-25,51.5,13.5,0.0,5.5,4.4,891.0,12.0
2013-05-26,56.5,8.5,0.01,9.0,6.550000000000001,893.0,22.5
2013-05-27,59.5,5.5,0.21000000000000002,9.5,8.7,894.0,9.0
2013-05-28,67.0,0.0,1.2000000000000002,20.0,10.25,895.0,18.5
2013-05-29,74.5,0.0,0.015,20.0,8.95,896.0,20.0
2013-05-30,74.5,0.0,0.3,18.5,14.25,898.0,19.0
2013-05-31,71.5,0.0,0.265,19.5,12.399999999999999,899.0,13.0
2013-06-01,70.0,0.0,0.5,21.5,12.45,901.0,13.0
2013-06-02,54.0,11.0,0.01,4.5,6.95,901.0,18.0
2013-06-03,56.0,9.0,0.0,10.5,4.4,903.0,25.0
2013-06-04,61.0,4.0,0.0,7.0,6.5,904.0,22.0
2013-06-05,65.0,0.5,0.005,5.5,8.25,906.0,19.5
2013-06-06,59.0,6.0,0.105,3.0,9.35,906.0,11.5
2013-06-07,60.5,4.5,0.0,2.5,9.55,907.0,15.0
2013-06-08,62.0,3.0,0.0,6.5,5.5,908.0,24.5
2013-06-09,69.5,0.0,0.01,15.0,8.65,909.0,25.0
2013-06-10,68.0,0.0,0.5549999999999999,5.5,4.35,910.0,15.0
2013-06-11,72.0,0.0,0.12,24.0,4.3,910.0,23.5
2013-06-12,75.5,0.0,0.5,6.5,6.9,911.0,23.0
2013-06-13,66.0,0.0,0.0,2.0,12.7,911.0,14.0
2013-06-14,67.0,0.0,0.0,5.5,7.85,912.0,20.5
2013-06-15,70.0,0.0,0.14500000000000002,21.0,7.45,912.0,21.0
2013-06-16,77.0,0.0,0.0,25.5,9.35,913.0,15.5
2013-06-17,74.5,0.0,0.065,28.5,8.25,913.0,27.5
2013-06-18,64.0,1.0,0.005,2.5,12.0,913.0,14.0
2013-06-19,65.0,0.5,0.0,7.5,7.050000000000001,914.0,20.0
2013-06-20,72.5,0.0,0.0,11.5,6.550000000000001,914.0,27.0
2013-06-21,76.5,0.0,0.45,19.0,9.55,914.0,14.5
2013-06-22,75.5,0.0,0.02,21.0,8.1,914.0,13.0
2013-06-23,78.0,0.0,0.42,20.0,10.5,914.0,20.5
2013-06-24,77.5,0.0,0.16,22.0,10.5,914.0,20.0
2013-06-25,77.5,0.0,0.015,20.0,7.75,914.0,17.5
2013-06-26,74.0,0.0,0.835,17.0,8.2,913.0,13.5
2013-06-27,78.0,0.0,0.755,29.0,7.0,913.0,25.5
2013-06-28,75.5,0.0,0.08,30.0,10.350000000000001,912.0,15.5
2013-06-29,68.0,0.0,0.0,1.5,12.15,912.0,8.0
2013-06-30,70.0,0.0,0.0,1.5,14.05,912.0,13.5
2013-07-01,67.5,0.0,0.0,3.0,12.95,911.0,15.0
2013-07-02,64.5,0.5,0.0,3.0,11.75,911.0,7.0
2013-07-03,67.0,0.0,0.045000000000000005,19.0,4.75,910.0,12.5
2013-07-04,71.0,0.0,0.0,19.5,6.4,908.0,24.5
2013-07-05,74.0,0.0,0.0,19.5,5.35,908.0,25.0
2013-07-06,75.5,0.0,0.0,19.0,5.2,907.0,14.5
2013-07-07,79.5,0.0,0.0,21.0,7.5,907.0,18.5
2013-07-08,78.5,0.0,0.6699999999999999,22.5,9.45,905.0,16.0
2013-07-09,79.5,0.0,0.005,23.0,8.3,904.0,11.0
2013-07-10,76.5,0.0,0.0,18.5,8.15,904.0,20.0
2013-07-11,72.5,0.0,0.0,3.0,7.45,902.0,17.0
2013-07-12,71.0,0.0,0.0,8.0,5.1,901.0,23.5
2013-07-13,74.0,0.0,0.0,9.0,7.3,899.0,19.0
2013-07-14,80.5,0.0,0.0,8.5,8.05,899.0,15.5
2013-07-15,81.5,0.0,0.055,8.0,5.65,897.0,17.0
2013-07-16,84.0,0.0,0.005,22.5,7.05,895.0,17.5
2013-07-17,85.5,0.0,0.0,25.5,7.0,894.0,18.0
2013-07-18,87.0,0.0,0.0,23.5,8.75,892.0,17.5
2013-07-19,85.0,0.0,0.29,24.5,13.95,890.0,23.5
2013-07-20,80.0,0.0,0.034999999999999996,2.0,7.35,890.0,17.0
2013-07-21,79.5,0.0,0.005,9.0,7.300000000000001,888.0,18.5
2013-07-22,80.0,0.0,0.0,22.5,7.4,886.0,17.0
2013-07-23,72.0,0.0,0.015,1.5,11.2,884.0,15.0
2013-07-24,67.0,0.0,0.0,5.0,9.3,882.0,11.5
2013-07-25,69.5,0.0,0.0,23.0,4.5,880.0,23.5
2013-07-26,68.0,0.0,0.2,21.5,9.35,879.0,8.5
2013-07-27,61.5,3.5,0.0,30.0,10.95,877.0,10.5
2013-07-28,62.5,2.5,0.0,27.0,9.45,875.0,15.5
2013-07-29,67.0,0.0,0.0,1.5,7.35,873.0,18.5
2013-07-30,67.0,0.0,0.02,16.0,5.35,871.0,15.0
2013-07-31,69.5,0.0,0.33999999999999997,31.0,4.300000000000001,869.0,12.0
2013-08-01,71.5,0.0,0.0,29.5,7.449999999999999,866.0,20.5
2013-08-02,74.5,0.0,0.52,26.0,7.949999999999999,864.0,21.5
2013-08-03,73.0,0.0,0.0,3.0,7.6,862.0,15.0
2013-08-04,67.5,0.0,0.0,6.5,7.35,860.0,14.5
2013-08-05,68.5,0.0,0.045000000000000005,18.5,7.75,858.0,15.0
2013-08-06,76.0,0.0,0.02,21.0,8.7,856.0,16.5
2013-08-07,79.5,0.0,0.005,30.0,10.2,853.0,21.5
2013-08-08,73.0,0.0,0.0,5.0,10.05,851.0,11.5
2013-08-09,72.0,0.0,0.0,27.0,5.449999999999999,849.0,22.5
2013-08-10,74.0,0.0,0.0,5.5,6.95,846.0,15.0
2013-08-11,72.5,0.0,0.005,25.5,4.2,844.0,21.0
2013-08-12,76.0,0.0,0.465,26.5,7.6,842.0,15.5
2013-08-13,65.5,0.5,0.0,2.5,10.75,839.0,10.5
2013-08-14,64.5,0.5,0.0,3.5,7.05,837.0,14.5
2013-08-15,65.5,0.0,0.0,23.0,4.95,835.0,18.5
2013-08-16,69.5,0.0,0.0,5.5,5.5,832.0,25.5
2013-08-17,69.5,0.0,0.0,7.5,6.35,830.0,21.5
2013-08-18,71.0,0.0,0.0,8.0,4.8,827.0,20.5
2013-08-19,73.0,0.0,0.0,25.0,4.949999999999999,825.0,25.5
2013-08-20,77.5,0.0,0.0,21.5,7.75,822.0,21.0
2013-08-21,80.0,0.0,0.030000000000000002,22.5,9.15,820.0,21.5
2013-08-22,73.0,0.0,0.295,23.5,7.0,817.0,10.5
2013-08-23,72.5,0.0,0.0,6.0,7.4,814.0,18.5
2013-08-24,74.0,0.0,0.0,16.5,6.0,811.0,24.0
2013-08-25,78.0,0.0,0.0,21.5,9.85,809.0,22.5
2013-08-26,81.0,0.0,0.0,23.5,9.45,806.0,22.0
2013-08-27,87.0,0.0,0.0,24.0,12.35,803.0,19.0
2013-08-28,77.0,0.0,0.0,19.5,9.0,801.0,12.0
2013-08-29,78.0,0.0,0.0,10.0,4.65,798.0,20.5
2013-08-30,82.5,0.0,0.415,25.0,8.05,796.0,28.0
2013-08-31,74.5,0.0,0.515,4.5,7.1,793.0,7.0
2013-09-01,75.5,0.0,0.08,28.0,5.5,790.0,18.0
2013-09-02,70.0,0.0,0.0,2.0,8.95,788.0,17.0
2013-09-03,67.0,0.0,0.0,32.0,5.199999999999999,785.0,19.0
2013-09-04,72.0,0.0,0.0,25.5,6.9,782.0,25.0
2013-09-05,68.5,0.0,0.0,5.5,9.55,780.0,12.0
2013-09-06,73.0,0.0,0.0,18.5,6.0,777.0,26.0
2013-09-07,77.5,0.0,0.005,23.0,7.300000000000001,774.0,21.0
2013-09-08,74.5,0.0,0.0,7.0,11.95,771.0,6.5
2013-09-09,81.5,0.0,0.0,20.0,9.649999999999999,769.0,25.5
2013-09-10,86.5,0.0,0.0,24.0,12.5,766.0,18.0
2013-09-11,83.5,0.0,0.0,26.0,7.2,763.0,16.5
2013-09-12,72.5,0.0,0.03,34.5,9.600000000000001,761.0,20.0
2013-09-13,60.5,4.5,0.0,1.0,12.5,758.0,14.0
2013-09-14,61.0,4.0,0.0,20.0,6.1,755.0,23.0
2013-09-15,59.5,5.5,0.445,10.5,5.25,752.0,5.0
2013-09-16,59.0,6.0,0.0,3.0,11.8,748.0,11.0
2013-09-17,61.0,4.0,0.0,12.5,7.8999999999999995,745.0,19.5
2013-09-18,71.5,0.0,0.53,17.5,9.05,741.0,20.5
2013-09-19,77.0,0.0,0.42,16.0,10.3,739.0,14.5
2013-09-20,67.5,0.0,0.01,26.0,11.1,736.0,18.0
2013-09-21,59.5,5.5,0.0,33.0,9.75,733.0,15.5
2013-09-22,58.0,7.0,0.0,4.5,7.15,730.0,18.0
2013-09-23,58.0,7.0,0.0,10.5,6.85,728.0,19.0
2013-09-24,60.0,5.0,0.0,9.5,7.85,725.0,30.0
2013-09-25,62.5,2.5,0.0,5.5,6.15,722.0,17.0
2013-09-26,64.0,1.0,0.0,8.5,4.4,719.0,22.5
2013-09-27,68.0,0.0,0.0,12.5,7.35,717.0,26.0
2013-09-28,71.0,0.0,0.11,18.5,12.0,714.0,28.0
2013-09-29,60.0,5.0,0.2,36.0,7.699999999999999,711.0,24.0
2013-09-30,62.0,3.0,0.0,19.0,5.550000000000001,708.0,26.5
2013-10-01,71.0,0.0,0.0,21.5,11.85,706.0,17.0
2013-10-02,70.0,0.0,0.0,7.0,6.85,703.0,13.5
2013-10-03,70.0,0.0,0.46,19.0,7.800000000000001,700.0,16.0
2013-10-04,70.5,0.0,0.0,14.0,6.1,697.0,9.5
2013-10-05,72.0,0.0,0.75,19.0,7.25,694.0,17.5
2013-10-06,55.0,10.0,0.075,25.0,10.05,691.0,23.5
2013-10-07,56.5,8.5,0.0,27.0,9.05,689.0,22.5
2013-10-08,61.0,4.0,0.0,17.5,5.3,686.0,29.5
2013-10-09,60.5,4.5,0.0,11.5,4.75,683.0,20.5
2013-10-10,61.5,3.5,0.0,12.5,3.8499999999999996,681.0,26.0
2013-10-11,65.5,0.5,0.0,14.0,7.300000000000001,678.0,23.0
2013-10-12,61.5,3.5,0.065,21.0,8.0,675.0,23.5
2013-10-13,55.0,10.0,0.0,33.0,5.8,672.0,19.5
2013-10-14,53.0,12.0,0.0,8.0,8.4,669.0,18.5
2013-10-15,57.5,7.5,0.08,19.0,10.149999999999999,667.0,14.5
2013-10-16,51.0,14.0,0.0,25.0,10.75,664.0,7.0
2013-10-17,48.0,17.0,0.22999999999999998,25.0,7.4,661.0,11.5
2013-10-18,45.5,19.5,0.0,25.5,8.649999999999999,659.0,9.5
2013-10-19,48.5,16.5,0.01,24.5,9.8,656.0,11.5
2013-10-20,51.0,14.0,0.015,20.5,7.25,653.0,24.5
2013-10-21,45.0,20.0,0.015,27.0,11.15,650.0,20.5
2013-10-22,36.0,29.0,0.015,26.0,5.75,648.0,11.5
2013-10-23,39.0,26.0,0.0,29.5,9.6,645.0,14.0
2013-10-24,38.5,26.5,0.0,30.0,10.4,643.0,11.5
2013-10-25,40.0,25.0,0.0,23.5,11.5,640.0,22.0
2013-10-26,46.5,18.5,0.0,26.5,13.8,637.0,17.5
2013-10-27,43.0,22.0,0.0,23.0,6.65,635.0,24.0
2013-10-28,44.5,20.5,0.0,4.0,9.850000000000001,632.0,18.0
2013-10-29,50.0,15.0,0.0,10.5,7.05,630.0,14.5
2013-10-30,54.5,10.5,0.855,14.5,6.85,627.0,18.5
2013-10-31,55.5,9.5,1.535,23.5,11.45,624.0,18.0
2014-05-01,46.5,18.5,0.09,24.0,13.7,841.0,7.0
2014-05-02,50.0,15.0,0.02,23.5,11.7,843.0,20.0
2014-05-03,58.0,7.0,0.0,28.0,14.399999999999999,845.0,20.0
2014-05-04,52.5,12.5,0.0,3.5,10.55,848.0,14.0
2014-05-05,50.5,14.5,0.030000000000000002,5.0,13.45,850.0,13.0
2014-05-06,53.0,12.0,0.0,7.0,13.7,853.0,20.0
2014-05-07,64.5,1.0,0.0,9.0,9.100000000000001,855.0,29.0
2014-05-08,75.5,0.0,0.05,20.5,14.25,858.0,31.5
2014-05-09,65.5,0.5,1.23,23.5,15.65,860.0,19.0
2014-05-10,63.5,1.5,0.0,22.5,6.85,862.0,27.5
2014-05-11,70.5,0.0,0.265,16.5,9.5,864.0,25.5
2014-05-12,75.0,0.0,1.0599999999999998,19.0,12.25,866.0,20.5
2014-05-13,61.0,4.0,0.13,25.5,11.55,868.0,15.5
2014-05-14,50.5,14.5,0.04,1.5,12.25,870.0,12.5
2014-05-15,49.0,16.0,0.225,1.0,13.6,872.0,15.0
2014-05-16,42.5,22.5,0.09,5.5,8.55,874.0,6.5
2014-05-17,50.5,14.5,0.0,25.0,8.35,876.0,20.5
2014-05-18,58.5,6.5,0.0,21.5,9.85,878.0,22.0
2014-05-19,59.5,5.5,0.0,16.0,12.65,880.0,21.0
2014-05-20,74.5,0.0,0.73,20.0,11.5,882.0,23.5
2014-05-21,77.0,0.0,0.01,30.5,7.7,884.0,22.0
2014-05-22,62.0,3.0,0.0,5.0,7.15,886.0,16.0
2014-05-23,59.5,5.5,0.0,5.0,6.25,887.0,19.0
2014-05-24,61.5,3.5,0.0,6.5,4.9,889.0,25.5
2014-05-25,68.5,0.0,0.0,15.0,4.75,891.0,32.0
2014-05-26,76.5,0.0,0.04,21.0,7.6,893.0,24.5
2014-05-27,72.5,0.0,0.355,24.5,9.85,894.0,25.5
2014-05-28,65.0,0.5,0.35500000000000004,4.0,9.2,895.0,15.0
2014-05-29,66.0,0.0,0.0,4.5,9.35,896.0,21.0
2014-05-30,67.0,0.0,0.0,6.5,7.5,898.0,24.0
2014-05-31,73.0,0.0,0.0,11.5,7.7,899.0,31.5
2014-06-01,79.0,0.0,0.0,18.0,12.55,901.0,25.0
2014-06-02,76.5,0.0,0.17,22.0,14.8,901.0,15.5
2014-06-03,75.0,0.0,0.0,28.5,10.15,903.0,13.5
2014-06-04,64.0,1.0,0.155,6.0,10.100000000000001,904.0,14.5
2014-06-05,65.0,0.5,0.0,6.0,6.9,906.0,21.5
2014-06-06,66.5,0.0,0.0,10.0,5.25,906.0,30.0
2014-06-07,72.5,0.0,0.1,9.5,7.4,907.0,25.0
2014-06-08,63.0,2.0,0.22,1.5,14.899999999999999,908.0,16.5
2014-06-09,67.5,0.0,0.0,4.0,8.25,909.0,23.0
2014-06-10,63.0,2.0,0.855,3.0,9.7,910.0,10.5
2014-06-11,64.0,1.5,0.275,35.0,6.6,910.0,8.5
2014-06-12,71.0,0.0,0.005,26.5,9.9,911.0,20.0
2014-06-13,65.5,0.0,0.0,32.5,8.65,911.0,19.0
2014-06-14,67.5,0.0,0.0,17.0,8.45,912.0,25.0
2014-06-15,73.5,0.0,0.0,19.0,15.1,912.0,23.0
2014-06-16,79.0,0.0,0.0,21.0,8.75,913.0,21.0
2014-06-17,85.0,0.0,0.0,21.5,13.25,913.0,14.0
2014-06-18,73.0,0.0,0.7250000000000001,23.0,10.399999999999999,913.0,21.5
2014-06-19,70.0,0.0,0.355,6.5,7.8999999999999995,914.0,21.0
2014-06-20,75.0,0.0,0.02,29.5,8.65,914.0,21.0
2014-06-21,73.0,0.0,1.005,17.0,6.9,914.0,23.0
2014-06-22,73.5,0.0,0.0,7.5,5.35,914.0,17.5
2014-06-23,75.5,0.0,0.10500000000000001,22.0,5.5,914.0,15.0
2014-06-24,78.5,0.0,0.7799999999999999,25.5,5.2,914.0,16.0
2014-06-25,70.5,0.0,0.01,4.0,6.75,914.0,19.0
2014-06-26,69.0,0.0,0.0,5.5,6.949999999999999,913.0,18.0
2014-06-27,75.5,0.0,0.0,16.0,9.4,913.0,29.0
2014-06-28,80.5,0.0,0.08,17.5,11.899999999999999,912.0,14.5
2014-06-29,78.5,0.0,0.05500000000000001,21.0,13.05,912.0,16.5
2014-06-30,77.5,0.0,2.33,19.5,12.649999999999999,912.0,20.0
2014-07-01,75.0,0.0,0.02,24.0,13.5,911.0,14.5
2014-07-02,64.5,1.0,0.12,30.0,9.649999999999999,911.0,15.0
2014-07-03,66.0,0.0,0.060000000000000005,15.5,6.9,910.0,19.0
2014-07-04,69.5,0.0,0.0,6.0,7.15,908.0,20.0
2014-07-05,70.0,0.0,0.005,21.0,8.95,908.0,16.5
2014-07-06,76.5,0.0,0.0,22.0,12.600000000000001,907.0,23.5
2014-07-07,80.5,0.0,0.5549999999999999,27.0,9.45,907.0,17.0
2014-07-08,75.5,0.0,0.51,27.5,12.5,905.0,14.5
2014-07-09,72.0,0.0,0.0,16.5,7.25,904.0,17.5
2014-07-10,70.5,0.0,0.0,9.5,4.9,904.0,17.0
2014-07-11,72.0,0.0,0.005,17.5,5.95,902.0,20.5
2014-07-12,75.5,0.0,1.8900000000000001,20.5,10.55,901.0,10.5
2014-07-13,78.0,0.0,0.025,27.5,9.85,899.0,16.0
2014-07-14,72.0,0.0,0.28500000000000003,30.5,7.75,899.0,18.0
2014-07-15,63.5,1.5,0.05,29.5,10.45,897.0,14.5
2014-07-16,64.5,0.5,0.0,2.0,7.25,895.0,17.0
2014-07-17,67.0,0.0,0.0,13.5,5.3,894.0,22.0
2014-07-18,71.0,0.0,0.0,15.0,6.550000000000001,892.0,18.5
2014-07-19,70.0,0.0,0.0,10.0,4.449999999999999,890.0,20.5
2014-07-20,73.0,0.0,0.0,22.5,4.45,890.0,20.0
2014-07-21,76.5,0.0,0.0,19.5,7.6,888.0,21.0
2014-07-22,81.0,0.0,0.1,21.5,12.4,886.0,20.0
2014-07-23,68.5,0.0,0.0,2.0,16.4,884.0,14.0
2014-07-24,67.0,0.0,0.0,4.5,8.5,882.0,16.5
2014-07-25,67.0,0.0,0.0,21.0,9.149999999999999,880.0,18.5
2014-07-26,77.0,0.0,0.0,23.5,6.8,879.0,15.5
2014-07-27,77.0,0.0,0.03,30.0,14.6,877.0,22.5
2014-07-28,67.0,0.0,0.0,36.0,11.649999999999999,875.0,12.5
2014-07-29,70.5,0.0,0.005,29.5,8.8,873.0,22.0
2014-07-30,70.0,0.0,0.0,19.5,6.2,871.0,19.5
2014-07-31,73.0,0.0,0.0,25.5,8.45,869.0,23.5
2014-08-01,74.5,0.0,0.18,22.5,7.1,866.0,19.5
2014-08-02,73.5,0.0,0.0,4.5,4.4,864.0,24.0
2014-08-03,76.0,0.0,0.0,23.0,6.7,862.0,23.0
2014-08-04,77.5,0.0,2.29,31.5,8.2,860.0,20.0
2014-08-05,73.0,0.0,0.035,3.5,5.75,858.0,14.0
2014-08-06,72.0,0.0,0.0,3.0,6.3,856.0,17.0
2014-08-07,73.0,0.0,0.0,8.5,9.15,853.0,16.0
2014-08-08,75.0,0.0,0.0,7.0,10.899999999999999,851.0,14.0
2014-08-09,73.5,0.0,0.0,6.0,9.8,849.0,13.0
2014-08-10,76.0,0.0,0.0,4.0,8.5,846.0,11.5
2014-08-11,75.5,0.0,1.005,31.5,7.449999999999999,844.0,15.5
2014-08-12,66.5,0.0,0.115,31.5,11.6,842.0,8.0
2014-08-13,70.5,0.0,0.0,31.0,8.65,839.0,24.5
2014-08-14,66.0,0.0,0.0,5.0,8.3,837.0,13.5
2014-08-15,66.0,0.0,0.0,23.5,6.1,835.0,25.0
2014-08-16,72.5,0.0,0.0,23.0,8.3,832.0,18.5
2014-08-17,68.5,0.0,0.0,2.5,8.55,830.0,6.5
2014-08-18,75.0,0.0,0.0,22.5,5.300000000000001,827.0,18.0
2014-08-19,79.0,0.0,0.11,23.5,11.1,825.0,15.0
2014-08-20,77.0,0.0,0.0,24.5,8.0,822.0,19.5
2014-08-21,76.0,0.0,1.135,18.0,5.65,820.0,10.5
2014-08-22,80.0,0.0,2.375,23.0,6.199999999999999,817.0,13.5
2014-08-23,78.0,0.0,0.42000000000000004,7.5,4.45,814.0,17.0
2014-08-24,80.0,0.0,0.0,12.0,7.35,811.0,17.0
2014-08-25,81.5,0.0,0.395,18.0,6.9,809.0,18.0
2014-08-26,78.0,0.0,0.06,25.5,5.949999999999999,806.0,25.5
2014-08-27,75.5,0.0,0.0,5.5,7.0,803.0,13.0
2014-08-28,72.5,0.0,0.01,8.0,8.55,801.0,9.0
2014-08-29,80.0,0.0,0.04,17.0,10.8,798.0,15.0
2014-08-30,78.5,0.0,0.135,22.5,12.05,796.0,12.5
2014-08-31,78.0,0.0,0.0,21.0,7.15,793.0,16.5
2014-09-01,78.5,0.0,0.18,22.0,12.35,790.0,12.0
2014-09-02,76.0,0.0,0.005,27.5,6.300000000000001,788.0,15.5
2014-09-03,74.0,0.0,0.0,20.5,6.800000000000001,785.0,20.0
2014-09-04,79.0,0.0,0.24,19.5,12.649999999999999,782.0,14.0
2014-09-05,77.0,0.0,0.46499999999999997,26.5,11.55,780.0,23.0
2014-09-06,68.5,0.0,0.0,34.5,8.25,777.0,14.5
2014-09-07,68.0,0.0,0.0,11.5,4.449999999999999,774.0,23.5
2014-09-08,68.0,0.0,0.0,17.0,6.050000000000001,771.0,20.5
2014-09-09,72.5,0.0,0.01,18.5,8.05,769.0,15.5
2014-09-10,69.0,0.0,1.46,24.5,15.950000000000001,766.0,24.0
2014-09-11,54.0,11.0,0.0,34.5,10.45,763.0,6.0
2014-09-12,51.0,14.0,0.115,34.5,12.15,761.0,11.0
2014-09-13,50.5,14.5,0.005,33.0,7.300000000000001,758.0,18.0
2014-09-14,55.5,9.5,0.0,22.0,4.75,755.0,22.0
2014-09-15,57.5,7.5,0.0,29.5,5.65,752.0,9.5
2014-09-16,57.0,8.0,0.0,32.0,4.550000000000001,748.0,23.0
2014-09-17,60.0,5.0,0.0,16.5,3.4,745.0,22.5
2014-09-18,62.5,2.5,0.0,3.5,6.1,741.0,18.0
2014-09-19,66.5,0.0,0.0,18.0,11.0,739.0,22.0
2014-09-20,71.0,0.0,0.12,22.5,11.1,736.0,15.5
2014-09-21,60.5,4.5,0.0,31.0,12.8,733.0,18.0
2014-09-22,58.0,7.0,0.0,32.0,5.85,730.0,21.0
2014-09-23,63.0,2.0,0.0,18.5,5.25,728.0,24.5
2014-09-24,66.0,0.0,0.0,13.0,5.5,725.0,23.0
2014-09-25,66.5,0.0,0.0,12.0,2.8,722.0,19.0
2014-09-26,67.5,0.0,0.0,7.5,4.85,719.0,25.0
2014-09-27,68.5,0.0,0.0,7.5,4.25,717.0,21.5
2014-09-28,67.5,0.0,0.0,7.0,3.25,714.0,23.0
2014-09-29,69.5,0.0,0.005,35.0,9.0,711.0,28.5
2014-09-30,54.5,10.5,0.0,2.0,10.2,708.0,10.5
2014-10-01,61.5,3.5,0.0,13.0,9.5,706.0,21.0
2014-10-02,69.5,0.0,0.52,17.0,7.9,703.0,9.0
2014-10-03,55.5,9.5,0.865,28.0,16.0,700.0,22.0
2014-10-04,42.0,23.0,0.055,25.5,13.65,697.0,12.0
2014-10-05,47.5,17.5,0.005,23.0,9.85,694.0,16.0
2014-10-06,54.0,11.0,0.01,24.0,9.65,691.0,17.0
2014-10-07,58.0,7.0,0.0,24.5,11.6,689.0,19.0
2014-10-08,56.5,8.5,0.0,27.0,11.25,686.0,20.0
2014-10-09,55.0,10.0,0.0,19.0,6.05,683.0,16.5
2014-10-10,50.5,14.5,0.0,2.0,6.699999999999999,681.0,17.0
2014-10-11,49.0,16.0,0.0,8.0,4.6,678.0,21.5
2014-10-12,53.0,12.0,0.01,14.0,9.5,675.0,22.0
2014-10-13,63.5,1.5,0.54,14.5,9.0,672.0,11.5
2014-10-14,60.0,5.0,0.915,11.0,9.399999999999999,669.0,13.0
2014-10-15,54.5,10.5,0.060000000000000005,35.0,9.8,667.0,5.0
2014-10-16,54.5,10.5,0.0,24.5,7.9,664.0,5.5
2014-10-17,55.5,9.5,0.005,28.5,12.95,661.0,14.0
2014-10-18,44.5,20.5,0.015,34.0,8.95,659.0,13.5
2014-10-19,45.5,19.5,0.0,21.0,8.6,656.0,21.0
2014-10-20,57.0,8.0,0.005,32.0,9.2,653.0,17.5
2014-10-21,50.5,14.5,0.0,18.5,11.5,650.0,6.5
2014-10-22,48.0,17.0,0.0,9.5,4.949999999999999,648.0,17.0
2014-10-23,50.0,15.0,0.0,19.0,8.1,645.0,22.0
2014-10-24,60.5,4.5,0.0,22.0,5.8,643.0,14.5
2014-10-25,62.5,2.5,0.0,28.5,10.65,640.0,23.0
2014-10-26,54.0,11.0,0.0,8.0,5.6,637.0,22.0
2014-10-27,65.5,0.5,0.01,19.0,13.25,635.0,25.5
2014-10-28,57.0,8.0,0.015,26.0,15.1,632.0,20.5
2014-10-29,44.0,21.0,0.0,29.0,9.45,630.0,11.0
2014-10-30,43.5,21.5,0.0,23.5,6.0,627.0,17.5
2014-10-31,41.0,24.0,0.035,34.0,22.75,624.0,14.5
